Table 11 : Unemployment Rate by Sex and Age,,,,,,,,
,,,,,,,,
,,Unemployment rate,Unemployment rate,Unemployment rate,Unemployment rate,Unemployment rate,Unemployment rate,Unemployment rate
,,(%),(%),(%),(%),(%),(%),(%)
Age group,,15 - 19,20 - 29,30 - 39,40 - 49,50 - 59,60 and over,Aged 15 and over
Year/Period,Sex,,,,,,,
1982,Male,10.6,4.3,2.4,3.0,4.3,2.7,4.0
1982,Female,7.7,3.3,2.1,1.9,1.6,1.3,3.1
1982,Both sexes,9.2,3.9,2.3,2.7,3.6,2.3,3.6
1983,Male,11.6,5.6,3.2,3.9,5.5,4.3,5.0
1983,Female,10.4,3.5,2.4,2.1,2.1,1.6,3.5
1983,Both sexes,11.1,4.7,3.0,3.4,4.6,3.4,4.5
1984,Male,11.9,4.5,2.5,3.3,4.8,3.3,4.2
1984,Female,11.0,3.7,1.8,1.9,1.4,1.6,3.3
1984,Both sexes,11.5,4.1,2.3,2.9,3.8,2.8,3.9
1985,Male,10.6,4.0,2.1,2.7,3.5,3.0,3.5
1985,Female,11.2,2.8,1.2,1.4,1.2,0.9,2.6
1985,Both sexes,10.9,3.5,1.8,2.3,2.9,2.3,3.2
1986,Male,10.8,3.4,1.9,1.8,3.2,2.3,3.0
1986,Female,9.7,3.0,1.2,0.9,1.4,0.9,2.5
1986,Both sexes,10.3,3.3,1.7,1.5,2.7,1.8,2.8
1987,Male,7.0,2.0,1.1,1.2,1.7,1.1,1.7
1987,Female,6.2,2.3,0.9,0.6,0.6,0.7,1.8
1987,Both sexes,6.6,2.1,1.1,1.0,1.4,1.0,1.7
1988,Male,5.9,2.0,0.8,0.9,1.0,0.6,1.4
1988,Female,5.5,1.8,0.8,0.4,[*7],[*7],1.4
1988,Both sexes,5.7,1.9,0.8,0.7,0.8,0.6,1.4
1989,Male,4.8,1.7,0.6,0.6,0.8,0.4,1.1
1989,Female,4.0,1.4,0.6,0.4,[*7],[*7],1.1
1989,Both sexes,4.4,1.6,0.6,0.5,0.7,0.4,1.1
1990,Male,6.4,1.9,0.7,0.9,1.2,0.6,1.3
1990,Female,6.0,1.7,0.8,0.5,[*7],[*7],1.3
1990,Both sexes,6.2,1.8,0.7,0.8,1.0,0.5,1.3
1991,Male,8.6,2.6,1.2,1.5,1.8,0.7,1.9
1991,Female,7.5,1.9,1.0,0.9,0.5,[*7],1.6
1991,Both sexes,8.1,2.3,1.1,1.3,1.5,0.6,1.8
1992,Male,6.7,3.0,1.4,1.5,1.9,0.8,2.0
1992,Female,6.5,2.4,1.4,1.0,1.0,0.9,1.9
1992,Both sexes,6.6,2.7,1.4,1.3,1.7,0.8,2.0
1993,Male,8.5,2.9,1.3,1.4,2.0,1.3,2.0
1993,Female,7.5,2.5,1.3,1.0,1.4,[*7],1.9
1993,Both sexes,8.1,2.7,1.3,1.3,1.8,1.2,2.0
1994,Male,8.8,3.1,1.5,1.4,2.1,1.1,2.1
1994,Female,8.2,1.9,1.1,1.4,0.8,[*7],1.7
1994,Both sexes,8.5,2.5,1.3,1.4,1.8,1.0,1.9
1995,Male,12.5,4.7,2.5,2.7,3.4,1.9,3.4
1995,Female,12.8,3.3,1.9,2.7,2.3,1.1,2.9
1995,Both sexes,12.7,4.0,2.3,2.7,3.2,1.7,3.2
1996,Male,12.6,4.4,2.2,2.4,3.1,1.2,3.1
1996,Female,12.3,2.8,1.5,1.7,1.3,[*7],2.3
1996,Both sexes,12.5,3.6,1.9,2.2,2.7,1.1,2.8
1997,Male,9.4,3.3,1.7,1.8,2.5,1.0,2.3
1997,Female,10.9,2.2,1.5,1.6,1.5,[*7],2.0
1997,Both sexes,10.0,2.8,1.6,1.7,2.2,1.0,2.2
1998,Male,20.5,6.9,3.8,4.3,5.5,2.4,5.2
1998,Female,20.3,4.5,2.5,3.5,3.6,1.5,4.0
1998,Both sexes,20.4,5.7,3.3,4.0,5.0,2.3,4.7
1999,Male,27.6,9.6,5.1,6.0,8.1,3.9,7.2
1999,Female,25.8,5.5,3.2,4.2,5.0,1.7,4.9
1999,Both sexes,26.8,7.5,4.3,5.3,7.2,3.5,6.2
2000,Male,23.9,6.8,3.7,4.8,7.1,3.3,5.6
2000,Female,23.4,4.8,2.7,3.5,3.3,1.3,4.1
2000,Both sexes,23.7,5.8,3.2,4.3,6.0,2.9,4.9
2001,Male,25.4,7.8,4.3,5.4,6.3,2.9,6.0
2001,Female,21.4,4.6,2.6,3.4,3.3,1.7,3.9
2001,Both sexes,23.5,6.2,3.5,4.6,5.4,2.7,5.1
2002,Male,34.2,10.5,6.4,7.1,9.1,5.5,8.4
2002,Female,26.5,6.1,4.4,6.0,6.5,2.9,6.0
2002,Both sexes,30.6,8.2,5.4,6.7,8.2,5.0,7.3
2003,Male,32.7,11.5,7.1,8.0,10.6,5.1,9.3
2003,Female,27.3,6.1,4.9,6.4,6.8,2.4,6.3
2003,Both sexes,30.2,8.7,6.0,7.4,9.3,4.6,7.9
2004,Male,29.0,9.1,5.6,6.7,9.3,6.5,7.8
2004,Female,22.6,4.8,4.1,6.1,7.4,3.1,5.6
2004,Both sexes,26.0,6.9,4.9,6.5,8.7,5.9,6.8
2005,Male,24.2,8.2,4.6,5.7,7.7,4.3,6.5
2005,Female,19.0,4.4,3.1,4.6,5.5,2.4,4.4
2005,Both sexes,21.9,6.2,3.8,5.3,6.9,3.9,5.6
2006,Male,24.8,7.3,4.2,4.7,6.3,3.0,5.7
2006,Female,18.6,4.1,2.7,3.6,4.1,[*7],3.8
2006,Both sexes,21.9,5.6,3.4,4.3,5.5,2.6,4.8
2007,Male,20.7,6.0,3.4,3.7,4.9,2.8,4.6
2007,Female,18.7,3.5,2.4,3.1,4.0,1.5,3.4
2007,Both sexes,19.8,4.6,2.9,3.5,4.6,2.5,4.0
2008,Male,18.1,5.8,2.7,3.3,4.3,2.2,4.0
2008,Female,13.7,3.6,2.1,2.9,2.7,0.9,2.9
2008,Both sexes,16.0,4.6,2.4,3.1,3.7,1.9,3.5
2009,Male,23.8,9.3,4.4,5.1,6.1,3.2,6.1
2009,Female,19.5,5.4,3.4,4.1,3.9,2.3,4.3
2009,Both sexes,21.8,7.2,3.9,4.6,5.3,3.0,5.3
2010,Male,22.9,8.2,3.6,4.0,4.9,3.2,5.1
2010,Female,18.2,5.1,2.6,2.9,3.1,1.4,3.5
2010,Both sexes,20.8,6.6,3.1,3.5,4.2,2.8,4.3
2011,Male,17.9,6.7,3.1,3.0,3.9,2.0,4.0
2011,Female,13.6,4.1,2.0,2.5,2.2,2.0,2.8
2011,Both sexes,15.8,5.3,2.5,2.7,3.3,2.0,3.4
2012,Male,15.5,6.6,2.9,3.0,3.4,2.2,3.8
2012,Female,11.9,4.2,1.9,2.5,2.3,1.4,2.8
2012,Both sexes,13.8,5.3,2.4,2.8,2.9,2.0,3.3
2013,Male,17.6,6.8,2.5,3.1,3.4,2.3,3.8
2013,Female,11.3,4.5,2.1,2.6,2.6,2.1,3.0
2013,Both sexes,14.5,5.6,2.3,2.9,3.1,2.3,3.4
2014,Male,13.3,6.4,2.4,2.8,3.1,3.1,3.6
2014,Female,11.8,4.5,2.0,2.7,2.8,2.3,3.0
2014,Both sexes,12.5,5.4,2.2,2.7,3.0,2.8,3.3
2015,Male,15.6,6.5,2.2,2.8,2.8,2.8,3.4
2015,Female,13.0,5.3,2.0,2.8,2.9,1.9,3.2
2015,Both sexes,14.3,5.9,2.1,2.8,2.8,2.5,3.3
2016,Male,15.8,6.9,2.6,2.9,3.2,2.3,3.7
2016,Female,11.5,5.0,2.0,2.8,2.8,2.0,3.1
2016,Both sexes,13.8,5.9,2.3,2.8,3.1,2.2,3.4
2017,Male,12.3,6.5,2.4,2.6,3.0,2.4,3.4
2017,Female,10.0,4.9,2.0,2.4,2.6,2.0,2.9
2017,Both sexes,11.1,5.7,2.2,2.5,2.9,2.3,3.1
2018,Male,11.4,6.5,2.3,2.5,2.8,2.1,3.2
2018,Female,9.2,4.5,1.7,2.0,2.1,1.6,2.4
2018,Both sexes,10.3,5.5,1.9,2.2,2.5,1.9,2.8
2019,Male,11.9,6.8,2.6,2.7,3.3,2.6,3.5
2019,Female,8.1,4.1,1.7,1.9,2.0,1.8,2.3
2019,Both sexes,10.1,5.4,2.1,2.3,2.7,2.3,2.9
2020,Male,22.7,11.7,5.1,5.5,7.2,5.6,6.9
2020,Female,15.2,8.1,3.5,3.9,4.6,4.2,4.7
2020,Both sexes,19.0,9.8,4.2,4.7,6.0,5.1,5.8
2021,Male,19.2,9.8,4.8,5.2,6.4,5.1,6.1
2021,Female,12.3,6.6,3.2,3.6,4.6,3.7,4.2
2021,Both sexes,15.6,8.1,3.9,4.3,5.5,4.6,5.2
8/1981 - 10/1981,Both sexes,N.A.,N.A.,N.A.,N.A.,N.A.,N.A.,3.7
9/1981 - 11/1981,Both sexes,N.A.,N.A.,N.A.,N.A.,N.A.,N.A.,3.5
10/1981 - 12/1981,Both sexes,N.A.,N.A.,N.A.,N.A.,N.A.,N.A.,3.1
11/1981 - 1/1982,Both sexes,N.A.,N.A.,N.A.,N.A.,N.A.,N.A.,3.0
12/1981 - 2/1982,Both sexes,N.A.,N.A.,N.A.,N.A.,N.A.,N.A.,3.0
1/1982 - 3/1982,Male,9.0,4.0,2.6,2.5,4.4,3.0,3.7
1/1982 - 3/1982,Female,4.7,2.5,1.8,2.2,1.9,[*7],2.5
1/1982 - 3/1982,Both sexes,7.0,3.4,2.4,2.4,3.7,2.5,3.3
2/1982 - 4/1982,Both sexes,N.A.,N.A.,N.A.,N.A.,N.A.,N.A.,3.2
3/1982 - 5/1982,Both sexes,N.A.,N.A.,N.A.,N.A.,N.A.,N.A.,3.1
4/1982 - 6/1982,Male,9.4,3.7,1.9,3.3,3.5,2.1,3.5
4/1982 - 6/1982,Female,7.3,2.9,1.9,1.0,1.3,[*7],2.7
4/1982 - 6/1982,Both sexes,8.4,3.4,1.9,2.6,2.9,1.8,3.2
5/1982 - 7/1982,Both sexes,N.A.,N.A.,N.A.,N.A.,N.A.,N.A.,3.4
6/1982 - 8/1982,Both sexes,N.A.,N.A.,N.A.,N.A.,N.A.,N.A.,3.8
7/1982 - 9/1982,Male,11.6,4.5,2.2,2.9,4.2,2.8,4.0
7/1982 - 9/1982,Female,10.1,4.1,2.6,2.7,1.5,[*7],3.9
7/1982 - 9/1982,Both sexes,10.9,4.3,2.3,2.9,3.4,2.4,4.0
8/1982 - 10/1982,Both sexes,N.A.,N.A.,N.A.,N.A.,N.A.,N.A.,4.2
9/1982 - 11/1982,Both sexes,N.A.,N.A.,N.A.,N.A.,N.A.,N.A.,4.3
10/1982 - 12/1982,Male,12.4,4.9,3.0,3.5,5.2,3.1,4.6
10/1982 - 12/1982,Female,8.7,3.6,2.1,1.5,1.6,[*7],3.2
10/1982 - 12/1982,Both sexes,10.7,4.3,2.7,2.9,4.3,2.4,4.1
11/1982 - 1/1983,Both sexes,N.A.,N.A.,N.A.,N.A.,N.A.,N.A.,4.4
12/1982 - 2/1983,Both sexes,N.A.,N.A.,N.A.,N.A.,N.A.,N.A.,4.5
1/1983 - 3/1983,Male,12.1,6.3,3.9,5.0,6.7,5.0,5.8
1/1983 - 3/1983,Female,9.8,3.3,3.9,2.9,2.3,2.0,3.8
1/1983 - 3/1983,Both sexes,11.0,5.0,3.9,4.4,5.5,4.0,5.1
2/1983 - 4/1983,Both sexes,N.A.,N.A.,N.A.,N.A.,N.A.,N.A.,5.1
3/1983 - 5/1983,Both sexes,N.A.,N.A.,N.A.,N.A.,N.A.,N.A.,4.9
4/1983 - 6/1983,Male,13.3,5.4,3.6,4.0,5.0,3.9,5.0
4/1983 - 6/1983,Female,10.0,3.4,1.9,1.6,2.1,2.3,3.3
4/1983 - 6/1983,Both sexes,11.8,4.5,3.1,3.3,4.3,3.4,4.4
5/1983 - 7/1983,Both sexes,N.A.,N.A.,N.A.,N.A.,N.A.,N.A.,4.0
6/1983 - 8/1983,Both sexes,N.A.,N.A.,N.A.,N.A.,N.A.,N.A.,3.9
7/1983 - 9/1983,Male,11.2,5.2,2.3,3.0,4.6,4.0,4.4
7/1983 - 9/1983,Female,10.8,3.7,2.2,2.5,2.3,[*7],3.7
7/1983 - 9/1983,Both sexes,11.0,4.5,2.3,2.8,3.9,3.0,4.1
8/1983 - 10/1983,Both sexes,N.A.,N.A.,N.A.,N.A.,N.A.,N.A.,4.5
9/1983 - 11/1983,Both sexes,N.A.,N.A.,N.A.,N.A.,N.A.,N.A.,4.5
10/1983 - 12/1983,Male,10.1,5.4,3.1,3.7,5.9,4.3,4.8
10/1983 - 12/1983,Female,10.9,3.6,1.7,1.5,1.9,[*7],3.4
10/1983 - 12/1983,Both sexes,10.5,4.6,2.6,3.0,4.8,3.3,4.3
11/1983 - 1/1984,Both sexes,N.A.,N.A.,N.A.,N.A.,N.A.,N.A.,3.8
12/1983 - 2/1984,Both sexes,N.A.,N.A.,N.A.,N.A.,N.A.,N.A.,4.0
1/1984 - 3/1984,Male,9.7,4.4,3.1,3.6,4.4,3.2,4.1
1/1984 - 3/1984,Female,11.7,3.4,2.8,3.1,1.8,2.4,3.7
1/1984 - 3/1984,Both sexes,10.6,4.0,3.0,3.5,3.7,3.0,4.0
2/1984 - 4/1984,Both sexes,N.A.,N.A.,N.A.,N.A.,N.A.,N.A.,3.9
3/1984 - 5/1984,Both sexes,N.A.,N.A.,N.A.,N.A.,N.A.,N.A.,3.6
4/1984 - 6/1984,Male,12.7,4.0,2.4,3.4,4.5,2.7,3.9
4/1984 - 6/1984,Female,9.4,3.6,1.4,1.9,1.2,1.8,3.0
4/1984 - 6/1984,Both sexes,11.2,3.8,2.1,2.9,3.6,2.4,3.6
5/1984 - 7/1984,Both sexes,N.A.,N.A.,N.A.,N.A.,N.A.,N.A.,3.7
6/1984 - 8/1984,Both sexes,N.A.,N.A.,N.A.,N.A.,N.A.,N.A.,3.8
7/1984 - 9/1984,Male,12.1,4.6,2.2,2.9,4.6,3.7,4.1
7/1984 - 9/1984,Female,11.8,4.2,1.1,1.4,[*7],[*7],3.5
7/1984 - 9/1984,Both sexes,11.9,4.4,1.8,2.4,3.6,3.0,3.9
8/1984 - 10/1984,Both sexes,N.A.,N.A.,N.A.,N.A.,N.A.,N.A.,4.1
9/1984 - 11/1984,Both sexes,N.A.,N.A.,N.A.,N.A.,N.A.,N.A.,4.2
10/1984 - 12/1984,Male,13.2,5.0,2.6,3.3,5.6,3.7,4.6
10/1984 - 12/1984,Female,11.0,3.5,2.1,1.4,1.5,[*7],3.2
10/1984 - 12/1984,Both sexes,12.1,4.3,2.4,2.7,4.5,2.6,4.1
11/1984 - 1/1985,Both sexes,N.A.,N.A.,N.A.,N.A.,N.A.,N.A.,3.6
12/1984 - 2/1985,Both sexes,N.A.,N.A.,N.A.,N.A.,N.A.,N.A.,3.1
1/1985 - 3/1985,Male,8.1,3.8,2.3,2.5,3.5,4.0,3.4
1/1985 - 3/1985,Female,6.8,2.3,1.6,1.9,1.9,1.2,2.3
1/1985 - 3/1985,Both sexes,7.5,3.1,2.0,2.3,3.0,3.1,3.0
2/1985 - 4/1985,Both sexes,N.A.,N.A.,N.A.,N.A.,N.A.,N.A.,3.0
3/1985 - 5/1985,Both sexes,N.A.,N.A.,N.A.,N.A.,N.A.,N.A.,3.0
4/1985 - 6/1985,Male,9.9,3.7,1.9,2.6,3.0,2.4,3.1
4/1985 - 6/1985,Female,10.9,2.4,1.3,0.7,1.0,0.9,2.3
4/1985 - 6/1985,Both sexes,10.4,3.1,1.7,2.0,2.4,1.9,2.8
5/1985 - 7/1985,Both sexes,N.A.,N.A.,N.A.,N.A.,N.A.,N.A.,3.1
6/1985 - 8/1985,Both sexes,N.A.,N.A.,N.A.,N.A.,N.A.,N.A.,3.5
7/1985 - 9/1985,Male,11.9,4.8,2.2,2.6,3.6,2.7,3.8
7/1985 - 9/1985,Female,14.8,3.4,1.3,1.5,1.1,[*7],3.3
7/1985 - 9/1985,Both sexes,13.3,4.2,1.9,2.3,2.9,2.0,3.6
8/1985 - 10/1985,Both sexes,N.A.,N.A.,N.A.,N.A.,N.A.,N.A.,3.5
9/1985 - 11/1985,Both sexes,N.A.,N.A.,N.A.,N.A.,N.A.,N.A.,3.6
10/1985 - 12/1985,Male,12.7,3.9,2.2,3.1,4.2,2.9,3.7
10/1985 - 12/1985,Female,11.8,3.0,0.8,1.4,0.8,1.0,2.6
10/1985 - 12/1985,Both sexes,12.3,3.5,1.8,2.6,3.3,2.3,3.3
11/1985 - 1/1986,Both sexes,N.A.,N.A.,N.A.,N.A.,N.A.,N.A.,3.1
12/1985 - 2/1986,Both sexes,N.A.,N.A.,N.A.,N.A.,N.A.,N.A.,3.0
1/1986 - 3/1986,Male,11.7,3.3,2.6,2.5,3.8,3.1,3.4
1/1986 - 3/1986,Female,9.2,3.1,1.6,0.8,2.0,[*7],2.7
1/1986 - 3/1986,Both sexes,10.6,3.2,2.3,2.0,3.3,2.3,3.1
2/1986 - 4/1986,Both sexes,N.A.,N.A.,N.A.,N.A.,N.A.,N.A.,3.2
3/1986 - 5/1986,Both sexes,N.A.,N.A.,N.A.,N.A.,N.A.,N.A.,2.9
4/1986 - 6/1986,Male,13.1,3.7,2.0,1.9,3.1,2.7,3.2
4/1986 - 6/1986,Female,10.4,3.3,1.0,0.8,1.4,1.5,2.7
4/1986 - 6/1986,Both sexes,11.9,3.5,1.6,1.6,2.6,2.3,3.0
5/1986 - 7/1986,Both sexes,N.A.,N.A.,N.A.,N.A.,N.A.,N.A.,3.0
6/1986 - 8/1986,Both sexes,N.A.,N.A.,N.A.,N.A.,N.A.,N.A.,3.2
7/1986 - 9/1986,Male,11.0,3.8,1.9,1.6,3.4,1.4,3.1
7/1986 - 9/1986,Female,11.8,3.3,1.2,1.1,0.9,[*7],2.8
7/1986 - 9/1986,Both sexes,11.4,3.6,1.7,1.4,2.7,1.2,3.0
8/1986 - 10/1986,Both sexes,N.A.,N.A.,N.A.,N.A.,N.A.,N.A.,2.8
9/1986 - 11/1986,Both sexes,N.A.,N.A.,N.A.,N.A.,N.A.,N.A.,2.5
10/1986 - 12/1986,Male,7.3,3.0,1.3,1.4,2.4,2.0,2.3
10/1986 - 12/1986,Female,7.3,2.4,0.9,1.0,1.1,[*7],2.0
10/1986 - 12/1986,Both sexes,7.3,2.7,1.1,1.3,2.1,1.5,2.2
11/1986 - 1/1987,Both sexes,N.A.,N.A.,N.A.,N.A.,N.A.,N.A.,1.9
12/1986 - 2/1987,Both sexes,N.A.,N.A.,N.A.,N.A.,N.A.,N.A.,1.9
1/1987 - 3/1987,Male,7.8,2.0,1.4,1.6,2.0,1.6,2.0
1/1987 - 3/1987,Female,6.5,2.4,0.8,0.7,0.6,[*7],1.8
1/1987 - 3/1987,Both sexes,7.2,2.2,1.2,1.3,1.7,1.1,1.9
2/1987 - 4/1987,Both sexes,N.A.,N.A.,N.A.,N.A.,N.A.,N.A.,1.8
3/1987 - 5/1987,Both sexes,N.A.,N.A.,N.A.,N.A.,N.A.,N.A.,1.6
4/1987 - 6/1987,Male,5.0,1.7,0.9,1.0,1.7,0.7,1.5
4/1987 - 6/1987,Female,6.2,2.1,1.0,[*7],[*7],[*7],1.6
4/1987 - 6/1987,Both sexes,5.6,1.9,1.0,0.8,1.4,0.5,1.5
5/1987 - 7/1987,Both sexes,N.A.,N.A.,N.A.,N.A.,N.A.,N.A.,1.6
6/1987 - 8/1987,Both sexes,N.A.,N.A.,N.A.,N.A.,N.A.,N.A.,1.8
7/1987 - 9/1987,Male,7.7,2.4,1.1,0.9,1.3,0.5,1.8
7/1987 - 9/1987,Female,7.0,2.7,0.7,0.7,[*7],[*7],1.9
7/1987 - 9/1987,Both sexes,7.4,2.6,1.0,0.8,1.0,0.6,1.8
8/1987 - 10/1987,Both sexes,N.A.,N.A.,N.A.,N.A.,N.A.,N.A.,1.9
9/1987 - 11/1987,Both sexes,N.A.,N.A.,N.A.,N.A.,N.A.,N.A.,1.9
10/1987 - 12/1987,Male,7.2,1.8,1.1,1.1,1.9,1.5,1.7
10/1987 - 12/1987,Female,5.0,1.8,1.3,0.9,0.9,1.7,1.7
10/1987 - 12/1987,Both sexes,6.2,1.8,1.2,1.1,1.6,1.5,1.7
11/1987 - 1/1988,Both sexes,N.A.,N.A.,N.A.,N.A.,N.A.,N.A.,1.6
12/1987 - 2/1988,Both sexes,N.A.,N.A.,N.A.,N.A.,N.A.,N.A.,1.4
1/1988 - 3/1988,Male,5.1,1.8,0.8,1.1,1.2,0.9,1.4
1/1988 - 3/1988,Female,3.7,1.7,0.9,[*7],[*7],[*7],1.3
1/1988 - 3/1988,Both sexes,4.5,1.8,0.9,0.8,0.9,0.9,1.3
2/1988 - 4/1988,Both sexes,N.A.,N.A.,N.A.,N.A.,N.A.,N.A.,1.4
3/1988 - 5/1988,Both sexes,N.A.,N.A.,N.A.,N.A.,N.A.,N.A.,1.4
4/1988 - 6/1988,Male,7.1,2.1,0.9,1.2,1.5,[*7],1.6
4/1988 - 6/1988,Female,5.6,2.0,1.2,0.5,[*7],[*7],1.5
4/1988 - 6/1988,Both sexes,6.5,2.0,1.0,1.0,1.1,[*7],1.6
5/1988 - 7/1988,Both sexes,N.A.,N.A.,N.A.,N.A.,N.A.,N.A.,1.5
6/1988 - 8/1988,Both sexes,N.A.,N.A.,N.A.,N.A.,N.A.,N.A.,1.7
7/1988 - 9/1988,Male,5.8,2.4,0.8,0.7,0.9,0.5,1.5
7/1988 - 9/1988,Female,6.4,2.0,0.6,[*7],[*7],[*7],1.5
7/1988 - 9/1988,Both sexes,6.1,2.2,0.7,0.6,0.8,0.5,1.5
8/1988 - 10/1988,Both sexes,N.A.,N.A.,N.A.,N.A.,N.A.,N.A.,1.4
9/1988 - 11/1988,Both sexes,N.A.,N.A.,N.A.,N.A.,N.A.,N.A.,1.2
10/1988 - 12/1988,Male,5.3,1.7,0.5,0.4,0.6,0.6,1.0
10/1988 - 12/1988,Female,6.3,1.3,0.6,0.4,[*7],[*7],1.2
10/1988 - 12/1988,Both sexes,5.8,1.5,0.5,0.4,0.5,0.6,1.1
11/1988 - 1/1989,Both sexes,N.A.,N.A.,N.A.,N.A.,N.A.,N.A.,1.0
12/1988 - 2/1989,Both sexes,N.A.,N.A.,N.A.,N.A.,N.A.,N.A.,0.9
1/1989 - 3/1989,Male,5.0,1.6,0.4,0.5,1.1,0.6,1.0
1/1989 - 3/1989,Female,3.3,1.3,0.5,[*7],[*7],[*7],0.9
1/1989 - 3/1989,Both sexes,4.2,1.4,0.4,0.5,0.9,0.4,1.0
2/1989 - 4/1989,Both sexes,N.A.,N.A.,N.A.,N.A.,N.A.,N.A.,1.2
3/1989 - 5/1989,Both sexes,N.A.,N.A.,N.A.,N.A.,N.A.,N.A.,1.1
4/1989 - 6/1989,Male,3.3,1.8,0.7,0.7,0.7,0.5,1.1
4/1989 - 6/1989,Female,5.2,1.6,0.6,0.6,[*7],[*7],1.2
4/1989 - 6/1989,Both sexes,4.1,1.7,0.7,0.7,0.6,0.3,1.1
5/1989 - 7/1989,Both sexes,N.A.,N.A.,N.A.,N.A.,N.A.,N.A.,1.0
6/1989 - 8/1989,Both sexes,N.A.,N.A.,N.A.,N.A.,N.A.,N.A.,1.1
7/1989 - 9/1989,Male,5.0,1.9,0.6,0.5,0.8,[*7],1.1
7/1989 - 9/1989,Female,5.0,1.8,0.7,[*7],[*7],[*7],1.3
7/1989 - 9/1989,Both sexes,5.0,1.9,0.6,0.4,0.7,[*7],1.2
8/1989 - 10/1989,Both sexes,N.A.,N.A.,N.A.,N.A.,N.A.,N.A.,1.1
9/1989 - 11/1989,Both sexes,N.A.,N.A.,N.A.,N.A.,N.A.,N.A.,1.1
10/1989 - 12/1989,Male,5.7,1.7,0.6,0.7,0.8,0.5,1.1
10/1989 - 12/1989,Female,2.7,1.1,0.5,0.4,[*7],[*7],0.8
10/1989 - 12/1989,Both sexes,4.4,1.4,0.6,0.6,0.6,0.4,1.0
11/1989 - 1/1990,Both sexes,N.A.,N.A.,N.A.,N.A.,N.A.,N.A.,1.0
12/1989 - 2/1990,Both sexes,N.A.,N.A.,N.A.,N.A.,N.A.,N.A.,1.2
1/1990 - 3/1990,Male,6.2,1.7,0.8,0.9,1.3,0.7,1.3
1/1990 - 3/1990,Female,3.2,1.8,1.0,1.3,[*7],[*7],1.4
1/1990 - 3/1990,Both sexes,4.9,1.7,0.9,1.0,1.1,0.6,1.4
2/1990 - 4/1990,Both sexes,N.A.,N.A.,N.A.,N.A.,N.A.,N.A.,1.5
3/1990 - 5/1990,Both sexes,N.A.,N.A.,N.A.,N.A.,N.A.,N.A.,1.3
4/1990 - 6/1990,Male,6.0,2.1,0.5,0.8,1.2,1.0,1.3
4/1990 - 6/1990,Female,7.6,1.5,0.9,0.4,[*7],[*7],1.3
4/1990 - 6/1990,Both sexes,6.7,1.8,0.7,0.6,1.0,0.7,1.3
5/1990 - 7/1990,Both sexes,N.A.,N.A.,N.A.,N.A.,N.A.,N.A.,1.4
6/1990 - 8/1990,Both sexes,N.A.,N.A.,N.A.,N.A.,N.A.,N.A.,1.5
7/1990 - 9/1990,Male,7.4,2.3,0.5,1.1,1.2,0.5,1.5
7/1990 - 9/1990,Female,8.5,2.1,0.9,[*7],[*7],[*7],1.6
7/1990 - 9/1990,Both sexes,7.9,2.2,0.6,0.8,1.0,0.4,1.5
8/1990 - 10/1990,Both sexes,N.A.,N.A.,N.A.,N.A.,N.A.,N.A.,1.3
9/1990 - 11/1990,Both sexes,N.A.,N.A.,N.A.,N.A.,N.A.,N.A.,1.3
10/1990 - 12/1990,Male,6.0,1.5,0.9,0.9,0.9,[*7],1.2
10/1990 - 12/1990,Female,4.5,1.4,0.4,[*7],[*7],[*7],1.0
10/1990 - 12/1990,Both sexes,5.3,1.5,0.7,0.7,0.8,[*7],1.1
11/1990 - 1/1991,Both sexes,N.A.,N.A.,N.A.,N.A.,N.A.,N.A.,1.1
12/1990 - 2/1991,Both sexes,N.A.,N.A.,N.A.,N.A.,N.A.,N.A.,1.1
1/1991 - 3/1991,Male,5.9,2.3,1.1,0.9,1.8,0.7,1.6
1/1991 - 3/1991,Female,5.6,1.4,1.0,1.0,[*7],[*7],1.3
1/1991 - 3/1991,Both sexes,5.8,1.8,1.1,0.9,1.4,0.7,1.5
2/1991 - 4/1991,Both sexes,N.A.,N.A.,N.A.,N.A.,N.A.,N.A.,1.8
3/1991 - 5/1991,Both sexes,N.A.,N.A.,N.A.,N.A.,N.A.,N.A.,2.1
4/1991 - 6/1991,Male,9.7,3.3,1.3,1.8,1.7,1.0,2.2
4/1991 - 6/1991,Female,6.5,2.4,1.5,0.8,1.0,[*7],1.9
4/1991 - 6/1991,Both sexes,8.3,2.8,1.4,1.5,1.6,0.8,2.1
5/1991 - 7/1991,Both sexes,N.A.,N.A.,N.A.,N.A.,N.A.,N.A.,2.1
6/1991 - 8/1991,Both sexes,N.A.,N.A.,N.A.,N.A.,N.A.,N.A.,2.0
7/1991 - 9/1991,Male,9.3,2.7,1.0,1.8,2.0,0.6,2.0
7/1991 - 9/1991,Female,8.5,2.5,0.8,1.0,[*7],[*7],1.8
7/1991 - 9/1991,Both sexes,8.9,2.6,0.9,1.5,1.6,0.5,1.9
8/1991 - 10/1991,Both sexes,N.A.,N.A.,N.A.,N.A.,N.A.,N.A.,1.9
9/1991 - 11/1991,Both sexes,N.A.,N.A.,N.A.,N.A.,N.A.,N.A.,1.8
10/1991 - 12/1991,Male,9.2,2.3,1.4,1.4,1.6,0.8,1.9
10/1991 - 12/1991,Female,9.3,1.3,0.7,0.8,[*7],[*7],1.3
10/1991 - 12/1991,Both sexes,9.3,1.9,1.1,1.2,1.3,0.6,1.7
11/1991 - 1/1992,Both sexes,N.A.,N.A.,N.A.,N.A.,N.A.,N.A.,1.7
12/1991 - 2/1992,Both sexes,N.A.,N.A.,N.A.,N.A.,N.A.,N.A.,1.8
1/1992 - 3/1992,Male,7.1,3.4,1.6,1.9,2.0,1.4,2.3
1/1992 - 3/1992,Female,7.9,1.9,1.5,0.8,1.0,[*7],1.7
1/1992 - 3/1992,Both sexes,7.4,2.6,1.6,1.5,1.7,1.2,2.1
2/1992 - 4/1992,Both sexes,N.A.,N.A.,N.A.,N.A.,N.A.,N.A.,2.3
3/1992 - 5/1992,Both sexes,N.A.,N.A.,N.A.,N.A.,N.A.,N.A.,2.3
4/1992 - 6/1992,Male,6.8,3.0,1.6,1.3,2.6,0.9,2.1
4/1992 - 6/1992,Female,5.9,2.8,1.4,0.9,0.9,[*7],2.0
4/1992 - 6/1992,Both sexes,6.4,2.9,1.5,1.2,2.1,0.8,2.1
5/1992 - 7/1992,Both sexes,N.A.,N.A.,N.A.,N.A.,N.A.,N.A.,1.9
6/1992 - 8/1992,Both sexes,N.A.,N.A.,N.A.,N.A.,N.A.,N.A.,1.7
7/1992 - 9/1992,Male,5.4,2.7,1.0,1.3,1.2,[*7],1.6
7/1992 - 9/1992,Female,5.2,2.7,0.9,1.0,0.8,[*7],1.8
7/1992 - 9/1992,Both sexes,5.4,2.7,1.0,1.2,1.1,0.4,1.7
8/1992 - 10/1992,Both sexes,N.A.,N.A.,N.A.,N.A.,N.A.,N.A.,1.9
9/1992 - 11/1992,Both sexes,N.A.,N.A.,N.A.,N.A.,N.A.,N.A.,1.9
10/1992 - 12/1992,Male,7.3,2.8,1.3,1.5,1.8,0.6,2.0
10/1992 - 12/1992,Female,6.9,2.4,1.6,1.4,1.3,2.1,2.1
10/1992 - 12/1992,Both sexes,7.2,2.6,1.4,1.5,1.7,0.9,2.0
11/1992 - 1/1993,Both sexes,N.A.,N.A.,N.A.,N.A.,N.A.,N.A.,1.8
12/1992 - 2/1993,Both sexes,N.A.,N.A.,N.A.,N.A.,N.A.,N.A.,2.0
1/1993 - 3/1993,Male,8.3,3.2,1.7,1.4,2.3,1.6,2.3
1/1993 - 3/1993,Female,5.6,2.6,1.1,1.1,2.2,[*7],1.9
1/1993 - 3/1993,Both sexes,7.2,2.9,1.5,1.3,2.2,1.6,2.1
2/1993 - 4/1993,Male,6.9,3.1,1.8,1.5,2.3,1.8,2.3
2/1993 - 4/1993,Female,7.5,2.7,1.1,1.1,1.7,[*7],2.0
2/1993 - 4/1993,Both sexes,7.2,2.9,1.5,1.4,2.1,1.7,2.2
3/1993 - 5/1993,Male,8.0,2.9,1.5,1.3,2.3,1.7,2.1
3/1993 - 5/1993,Female,7.8,2.7,1.0,0.9,1.2,[*7],1.9
3/1993 - 5/1993,Both sexes,7.9,2.8,1.3,1.2,2.1,1.5,2.0
4/1993 - 6/1993,Male,7.5,2.8,1.2,1.5,2.3,1.4,2.0
4/1993 - 6/1993,Female,10.1,2.7,1.3,1.2,1.0,[*7],2.0
4/1993 - 6/1993,Both sexes,8.5,2.7,1.3,1.4,2.0,1.1,2.0
5/1993 - 7/1993,Male,7.5,2.7,1.1,1.3,2.2,1.1,1.9
5/1993 - 7/1993,Female,8.3,3.0,1.5,1.2,1.0,[*7],2.2
5/1993 - 7/1993,Both sexes,7.8,2.8,1.2,1.2,1.9,1.0,2.0
6/1993 - 8/1993,Male,5.9,3.2,0.9,1.3,2.0,0.9,1.8
6/1993 - 8/1993,Female,6.9,2.9,1.6,1.2,1.4,[*7],2.2
6/1993 - 8/1993,Both sexes,6.3,3.0,1.2,1.3,1.9,0.8,2.0
7/1993 - 9/1993,Male,6.5,3.1,1.0,1.1,1.5,0.8,1.7
7/1993 - 9/1993,Female,6.6,2.9,1.5,1.0,1.9,[*7],2.1
7/1993 - 9/1993,Both sexes,6.6,3.0,1.2,1.0,1.6,0.8,1.9
8/1993 - 10/1993,Male,8.3,3.1,1.2,1.3,1.4,0.8,1.9
8/1993 - 10/1993,Female,9.0,2.8,1.4,0.8,1.8,[*7],2.1
8/1993 - 10/1993,Both sexes,8.6,3.0,1.3,1.1,1.5,0.7,2.0
9/1993 - 11/1993,Male,10.5,2.7,1.4,1.4,1.4,0.8,1.9
9/1993 - 11/1993,Female,10.2,2.5,1.6,0.8,1.6,[*7],2.1
9/1993 - 11/1993,Both sexes,10.4,2.6,1.4,1.2,1.4,0.8,2.0
10/1993 - 12/1993,Male,12.0,2.5,1.2,1.5,1.8,1.2,1.9
10/1993 - 12/1993,Female,7.9,1.9,1.4,0.8,[*7],[*7],1.7
10/1993 - 12/1993,Both sexes,10.3,2.2,1.2,1.3,1.5,1.3,1.8
11/1993 - 1/1994,Male,10.0,2.4,1.0,1.6,2.4,1.5,1.9
11/1993 - 1/1994,Female,5.6,1.8,1.2,1.0,[*7],[*7],1.5
11/1993 - 1/1994,Both sexes,8.1,2.1,1.1,1.4,1.9,1.4,1.8
12/1993 - 2/1994,Male,9.2,2.2,1.1,1.8,2.8,1.4,2.0
12/1993 - 2/1994,Female,4.7,1.6,0.8,1.1,[*7],[*7],1.2
12/1993 - 2/1994,Both sexes,7.2,1.9,1.0,1.6,2.2,1.2,1.7
1/1994 - 3/1994,Male,8.6,2.8,1.4,1.9,2.5,1.0,2.1
1/1994 - 3/1994,Female,6.3,1.9,1.1,1.4,[*7],[*7],1.6
1/1994 - 3/1994,Both sexes,7.6,2.3,1.3,1.8,2.0,0.9,1.9
2/1994 - 4/1994,Male,10.3,2.9,1.5,1.7,1.9,0.9,2.1
2/1994 - 4/1994,Female,6.3,1.6,1.0,1.6,[*7],[*7],1.5
2/1994 - 4/1994,Both sexes,8.5,2.3,1.3,1.7,1.6,0.8,1.9
3/1994 - 5/1994,Male,9.5,2.9,1.4,1.4,1.9,1.0,2.0
3/1994 - 5/1994,Female,6.5,1.8,1.3,1.8,[*7],[*7],1.7
3/1994 - 5/1994,Both sexes,8.2,2.4,1.4,1.5,1.5,0.9,1.9
4/1994 - 6/1994,Male,7.2,2.7,1.3,1.1,1.6,0.9,1.7
4/1994 - 6/1994,Female,5.6,1.5,1.1,1.7,[*7],[*7],1.4
4/1994 - 6/1994,Both sexes,6.5,2.1,1.2,1.3,1.3,0.7,1.6
5/1994 - 7/1994,Male,4.6,3.1,1.2,1.1,1.5,0.8,1.7
5/1994 - 7/1994,Female,7.1,2.1,1.3,1.4,[*7],[*7],1.7
5/1994 - 7/1994,Both sexes,5.6,2.6,1.2,1.2,1.2,0.7,1.7
6/1994 - 8/1994,Male,4.9,3.6,1.4,1.0,1.2,1.2,1.9
6/1994 - 8/1994,Female,8.1,2.6,1.4,1.5,0.9,[*7],2.0
6/1994 - 8/1994,Both sexes,6.3,3.1,1.4,1.2,1.2,1.1,1.9
7/1994 - 9/1994,Male,8.2,4.0,1.7,1.2,1.9,1.3,2.3
7/1994 - 9/1994,Female,12.0,2.7,1.4,1.3,1.4,[*7],2.2
7/1994 - 9/1994,Both sexes,9.8,3.4,1.6,1.3,1.8,1.2,2.3
8/1994 - 10/1994,Male,10.9,3.6,1.7,1.1,1.9,1.4,2.3
8/1994 - 10/1994,Female,11.6,2.8,1.4,1.3,1.3,[*7],2.2
8/1994 - 10/1994,Both sexes,11.2,3.2,1.6,1.2,1.8,1.2,2.3
9/1994 - 11/1994,Male,12.4,3.2,1.7,1.2,2.1,1.0,2.3
9/1994 - 11/1994,Female,12.8,2.0,1.2,1.2,0.8,[*7],1.9
9/1994 - 11/1994,Both sexes,12.6,2.6,1.5,1.2,1.8,1.0,2.1
10/1994 - 12/1994,Male,10.8,2.7,1.4,1.4,2.3,1.3,2.1
10/1994 - 12/1994,Female,8.5,1.6,1.0,1.1,0.8,[*7],1.5
10/1994 - 12/1994,Both sexes,9.8,2.2,1.3,1.3,1.9,1.1,1.9
11/1994 - 1/1995,Male,10.1,2.9,1.6,1.7,3.0,1.4,2.3
11/1994 - 1/1995,Female,9.0,1.4,0.9,1.3,1.6,[*7],1.5
11/1994 - 1/1995,Both sexes,9.6,2.2,1.3,1.5,2.6,1.5,2.0
12/1994 - 2/1995,Male,8.8,3.6,1.9,2.3,3.2,1.6,2.7
12/1994 - 2/1995,Female,8.1,2.0,0.9,1.4,1.5,[*7],1.7
12/1994 - 2/1995,Both sexes,8.5,2.8,1.5,2.0,2.8,1.5,2.3
1/1995 - 3/1995,Male,9.3,3.9,2.3,2.5,3.2,0.9,2.9
1/1995 - 3/1995,Female,8.8,2.7,1.4,1.8,2.2,[*7],2.2
1/1995 - 3/1995,Both sexes,9.1,3.3,2.0,2.3,2.9,1.0,2.6
2/1995 - 4/1995,Male,9.4,4.3,2.4,3.1,3.4,0.9,3.2
2/1995 - 4/1995,Female,6.8,2.4,1.7,2.4,1.7,[*7],2.2
2/1995 - 4/1995,Both sexes,8.3,3.4,2.1,2.9,2.9,0.9,2.8
3/1995 - 5/1995,Male,9.6,4.0,2.3,2.7,3.3,0.5,3.0
3/1995 - 5/1995,Female,7.0,2.5,1.6,2.3,2.1,[*7],2.2
3/1995 - 5/1995,Both sexes,8.5,3.3,2.0,2.5,3.0,0.6,2.7
4/1995 - 6/1995,Male,10.5,4.4,2.5,2.9,3.2,1.5,3.2
4/1995 - 6/1995,Female,8.3,2.8,1.5,3.0,2.6,[*7],2.5
4/1995 - 6/1995,Both sexes,9.5,3.6,2.1,2.9,3.1,1.4,2.9
5/1995 - 7/1995,Male,10.7,4.6,2.6,2.5,2.9,1.5,3.2
5/1995 - 7/1995,Female,11.7,3.9,1.9,3.4,2.8,[*7],3.2
5/1995 - 7/1995,Both sexes,11.2,4.2,2.3,2.8,2.9,1.3,3.2
6/1995 - 8/1995,Male,12.5,5.4,2.8,2.9,2.7,2.2,3.6
6/1995 - 8/1995,Female,12.1,4.3,2.2,3.4,3.8,[*7],3.6
6/1995 - 8/1995,Both sexes,12.3,4.8,2.6,3.0,3.0,2.0,3.6
7/1995 - 9/1995,Male,13.7,5.2,2.9,2.7,3.1,2.2,3.6
7/1995 - 9/1995,Female,16.3,4.5,2.5,3.0,3.1,[*7],3.8
7/1995 - 9/1995,Both sexes,14.9,4.9,2.7,2.8,3.1,1.9,3.7
8/1995 - 10/1995,Male,17.1,5.2,3.1,2.5,4.0,2.9,3.9
8/1995 - 10/1995,Female,18.7,3.9,2.3,2.7,3.3,[*7],3.5
8/1995 - 10/1995,Both sexes,17.8,4.5,2.8,2.6,3.8,2.6,3.7
9/1995 - 11/1995,Male,17.7,5.1,2.9,2.7,4.6,2.9,3.9
9/1995 - 11/1995,Female,19.4,3.4,2.2,3.0,2.1,[*7],3.3
9/1995 - 11/1995,Both sexes,18.4,4.2,2.6,2.8,4.0,2.6,3.7
10/1995 - 12/1995,Male,16.2,5.2,2.5,2.8,4.3,2.8,3.8
10/1995 - 12/1995,Female,16.7,3.0,2.0,2.8,1.4,[*7],3.0
10/1995 - 12/1995,Both sexes,16.4,4.1,2.3,2.8,3.6,2.5,3.5
11/1995 - 1/1996,Male,14.1,4.9,2.3,2.9,3.5,2.3,3.5
11/1995 - 1/1996,Female,14.6,2.8,1.6,2.4,1.4,[*7],2.6
11/1995 - 1/1996,Both sexes,14.3,3.9,2.0,2.7,3.0,2.1,3.1
12/1995 - 2/1996,Male,12.2,4.5,2.2,2.7,3.4,1.8,3.2
12/1995 - 2/1996,Female,12.8,3.0,1.6,2.3,1.6,[*7],2.6
12/1995 - 2/1996,Both sexes,12.4,3.7,1.9,2.6,3.0,1.5,3.0
1/1996 - 3/1996,Male,12.9,4.4,2.7,2.9,3.9,1.2,3.5
1/1996 - 3/1996,Female,10.3,2.9,1.4,1.6,1.8,[*7],2.3
1/1996 - 3/1996,Both sexes,11.7,3.7,2.2,2.5,3.3,1.1,3.0
2/1996 - 4/1996,Male,11.9,4.4,2.8,3.0,3.8,1.1,3.5
2/1996 - 4/1996,Female,9.1,3.2,1.9,1.7,1.5,[*7],2.5
2/1996 - 4/1996,Both sexes,10.6,3.8,2.4,2.5,3.2,1.1,3.1
3/1996 - 5/1996,Male,12.4,4.7,2.9,2.7,3.8,0.9,3.5
3/1996 - 5/1996,Female,7.8,2.8,2.0,1.6,1.5,[*7],2.3
3/1996 - 5/1996,Both sexes,10.3,3.7,2.5,2.3,3.2,0.8,3.0
4/1996 - 6/1996,Male,13.2,4.8,2.4,2.4,3.3,1.4,3.2
4/1996 - 6/1996,Female,10.3,2.9,1.8,1.9,1.4,[*7],2.4
4/1996 - 6/1996,Both sexes,11.9,3.9,2.2,2.2,2.8,1.2,2.9
5/1996 - 7/1996,Male,13.6,5.2,2.1,2.3,3.1,0.9,3.2
5/1996 - 7/1996,Female,12.5,3.0,1.4,1.5,1.2,[*7],2.3
5/1996 - 7/1996,Both sexes,13.1,4.1,1.8,2.1,2.6,0.9,2.8
6/1996 - 8/1996,Male,12.8,4.8,1.9,2.4,2.7,1.1,3.0
6/1996 - 8/1996,Female,13.4,3.5,1.4,1.3,0.6,[*7],2.4
6/1996 - 8/1996,Both sexes,13.1,4.2,1.7,2.0,2.2,1.0,2.8
7/1996 - 9/1996,Male,12.6,4.5,1.8,2.4,2.6,0.9,2.8
7/1996 - 9/1996,Female,13.4,3.2,1.5,1.2,[*7],[*7],2.3
7/1996 - 9/1996,Both sexes,12.9,3.8,1.6,2.0,2.1,0.8,2.6
8/1996 - 10/1996,Male,12.0,4.2,1.8,2.2,2.3,1.1,2.7
8/1996 - 10/1996,Female,14.2,2.9,1.6,1.4,[*7],[*7],2.3
8/1996 - 10/1996,Both sexes,13.0,3.5,1.7,2.0,1.9,0.9,2.6
9/1996 - 11/1996,Male,13.9,4.3,2.0,2.2,2.5,1.4,2.9
9/1996 - 11/1996,Female,16.5,2.5,1.5,1.7,1.2,[*7],2.3
9/1996 - 11/1996,Both sexes,15.1,3.4,1.8,2.0,2.2,1.2,2.7
10/1996 - 12/1996,Male,11.8,3.8,1.9,2.1,2.8,1.5,2.7
10/1996 - 12/1996,Female,15.2,2.3,1.5,2.2,1.6,[*7],2.3
10/1996 - 12/1996,Both sexes,13.4,3.0,1.7,2.1,2.5,1.4,2.6
11/1996 - 1/1997,Male,11.8,3.2,1.7,2.1,2.7,1.3,2.5
11/1996 - 1/1997,Female,12.8,2.3,1.2,1.7,1.9,[*7],2.1
11/1996 - 1/1997,Both sexes,12.2,2.7,1.5,2.0,2.5,1.1,2.3
12/1996 - 2/1997,Male,10.0,3.1,1.5,2.0,2.6,1.1,2.3
12/1996 - 2/1997,Female,9.9,1.9,1.3,1.7,1.5,[*7],1.9
12/1996 - 2/1997,Both sexes,9.9,2.5,1.5,1.9,2.3,0.9,2.2
1/1997 - 3/1997,Male,10.1,3.3,1.8,2.1,2.5,0.7,2.4
1/1997 - 3/1997,Female,10.9,1.9,1.5,1.4,1.1,[*7],1.9
1/1997 - 3/1997,Both sexes,10.5,2.6,1.7,1.9,2.1,0.6,2.2
2/1997 - 4/1997,Male,10.0,3.4,1.9,2.0,2.9,0.7,2.5
2/1997 - 4/1997,Female,9.8,1.9,1.7,1.6,1.3,[*7],1.9
2/1997 - 4/1997,Both sexes,9.9,2.6,1.8,1.9,2.5,0.7,2.3
3/1997 - 5/1997,Male,10.1,3.1,1.8,2.1,2.7,0.6,2.4
3/1997 - 5/1997,Female,9.7,2.1,1.5,1.5,1.5,[*7],1.9
3/1997 - 5/1997,Both sexes,9.9,2.6,1.7,1.9,2.4,0.6,2.2
4/1997 - 6/1997,Male,9.5,3.0,1.5,1.9,2.8,0.8,2.3
4/1997 - 6/1997,Female,8.3,2.3,1.3,1.7,1.6,[*7],1.9
4/1997 - 6/1997,Both sexes,9.0,2.7,1.4,1.8,2.5,0.8,2.1
5/1997 - 7/1997,Male,8.9,3.4,1.6,1.9,2.4,0.8,2.3
5/1997 - 7/1997,Female,9.3,2.5,1.3,1.6,1.5,[*7],2.0
5/1997 - 7/1997,Both sexes,9.1,2.9,1.5,1.8,2.2,0.7,2.2
6/1997 - 8/1997,Male,8.0,3.7,1.5,1.7,2.3,0.8,2.3
6/1997 - 8/1997,Female,10.2,3.0,1.4,1.3,1.6,[*7],2.2
6/1997 - 8/1997,Both sexes,9.0,3.4,1.5,1.5,2.2,0.7,2.2
7/1997 - 9/1997,Male,8.6,3.9,1.5,1.6,2.0,0.8,2.2
7/1997 - 9/1997,Female,11.9,2.9,1.3,1.0,1.3,[*7],2.1
7/1997 - 9/1997,Both sexes,10.0,3.4,1.4,1.4,1.8,0.7,2.2
8/1997 - 10/1997,Male,8.3,3.6,1.8,1.6,2.0,1.2,2.3
8/1997 - 10/1997,Female,13.3,2.8,1.5,1.5,1.6,[*7],2.3
8/1997 - 10/1997,Both sexes,10.5,3.2,1.7,1.5,1.9,1.1,2.3
9/1997 - 11/1997,Male,9.3,3.3,1.9,1.5,2.4,1.7,2.3
9/1997 - 11/1997,Female,13.9,2.1,1.7,1.8,1.5,[*7],2.2
9/1997 - 11/1997,Both sexes,11.4,2.7,1.8,1.6,2.1,1.6,2.3
10/1997 - 12/1997,Male,9.3,3.1,1.8,1.7,2.6,1.9,2.3
10/1997 - 12/1997,Female,12.1,1.8,1.8,2.3,2.0,[*7],2.2
10/1997 - 12/1997,Both sexes,10.5,2.4,1.8,1.9,2.4,1.9,2.3
11/1997 - 1/1998,Male,9.0,3.1,1.6,2.0,2.7,1.6,2.3
11/1997 - 1/1998,Female,10.2,1.7,1.5,2.0,1.9,[*7],2.0
11/1997 - 1/1998,Both sexes,9.5,2.4,1.5,2.0,2.5,1.6,2.2
12/1997 - 2/1998,Male,11.3,3.9,2.0,2.6,3.3,1.2,2.9
12/1997 - 2/1998,Female,11.9,2.3,1.5,2.2,2.6,[*7],2.3
12/1997 - 2/1998,Both sexes,11.6,3.1,1.8,2.4,3.1,1.2,2.7
1/1998 - 3/1998,Male,12.9,4.7,2.7,3.3,3.7,1.6,3.6
1/1998 - 3/1998,Female,13.9,2.9,1.7,2.3,3.8,[*7],2.7
1/1998 - 3/1998,Both sexes,13.4,3.8,2.3,2.9,3.7,1.4,3.3
2/1998 - 4/1998,Male,16.3,5.2,3.1,3.8,4.6,1.8,4.2
2/1998 - 4/1998,Female,14.8,3.1,1.8,2.7,4.0,[*7],3.0
2/1998 - 4/1998,Both sexes,15.6,4.1,2.6,3.5,4.4,1.7,3.7
3/1998 - 5/1998,Male,16.4,5.3,3.4,4.1,4.7,2.3,4.4
3/1998 - 5/1998,Female,16.0,3.3,1.9,3.1,3.8,[*7],3.2
3/1998 - 5/1998,Both sexes,16.2,4.3,2.8,3.7,4.4,2.1,3.9
4/1998 - 6/1998,Male,16.8,5.8,3.6,4.4,5.3,2.4,4.7
4/1998 - 6/1998,Female,18.1,3.8,2.4,3.7,3.5,[*7],3.7
4/1998 - 6/1998,Both sexes,17.4,4.8,3.1,4.1,4.8,2.2,4.3
5/1998 - 7/1998,Male,18.2,6.9,3.9,4.5,5.4,3.0,5.2
5/1998 - 7/1998,Female,20.7,4.5,2.9,4.1,3.4,[*7],4.2
5/1998 - 7/1998,Both sexes,19.4,5.7,3.5,4.4,4.9,2.7,4.8
6/1998 - 8/1998,Male,20.9,7.8,3.9,4.6,5.6,3.2,5.5
6/1998 - 8/1998,Female,23.2,5.6,3.0,4.2,3.3,2.3,4.7
6/1998 - 8/1998,Both sexes,21.9,6.7,3.5,4.5,5.0,3.1,5.2
7/1998 - 9/1998,Male,26.0,8.3,3.9,4.5,5.5,3.2,5.7
7/1998 - 9/1998,Female,24.0,6.0,3.1,3.9,2.9,2.5,4.8
7/1998 - 9/1998,Both sexes,25.1,7.1,3.5,4.3,4.8,3.1,5.3
8/1998 - 10/1998,Male,27.4,8.6,4.5,4.6,6.2,2.8,6.1
8/1998 - 10/1998,Female,25.7,5.8,3.1,4.0,3.6,[*7],4.9
8/1998 - 10/1998,Both sexes,26.6,7.1,3.9,4.4,5.5,2.6,5.6
9/1998 - 11/1998,Male,27.2,8.7,4.7,4.9,6.7,2.6,6.3
9/1998 - 11/1998,Female,23.6,5.1,3.3,3.8,4.0,[*7],4.7
9/1998 - 11/1998,Both sexes,25.5,6.9,4.1,4.5,6.0,2.4,5.7
10/1998 - 12/1998,Male,25.7,8.9,5.2,5.1,7.6,2.5,6.6
10/1998 - 12/1998,Female,25.0,5.2,3.0,4.2,4.4,[*7],4.8
10/1998 - 12/1998,Both sexes,25.4,7.0,4.2,4.8,6.7,2.4,5.9
11/1998 - 1/1999,Male,24.8,8.6,4.8,5.4,8.1,3.1,6.6
11/1998 - 1/1999,Female,23.9,5.3,2.9,4.4,4.0,[*7],4.8
11/1998 - 1/1999,Both sexes,24.4,6.9,4.0,5.0,6.9,3.0,5.9
12/1998 - 2/1999,Male,25.2,8.6,5.1,5.5,8.5,3.8,6.8
12/1998 - 2/1999,Female,23.8,5.2,2.9,4.5,4.4,3.0,4.7
12/1998 - 2/1999,Both sexes,24.5,6.9,4.2,5.2,7.4,3.6,6.0
1/1999 - 3/1999,Male,24.9,9.1,5.4,6.2,8.6,4.9,7.3
1/1999 - 3/1999,Female,20.4,4.9,3.4,4.4,4.4,2.5,4.6
1/1999 - 3/1999,Both sexes,22.9,6.9,4.5,5.6,7.5,4.5,6.2
2/1999 - 4/1999,Male,25.5,9.4,5.4,6.4,8.5,5.0,7.4
2/1999 - 4/1999,Female,20.4,5.0,3.6,3.9,4.9,[*7],4.6
2/1999 - 4/1999,Both sexes,23.2,7.2,4.6,5.5,7.5,4.5,6.3
3/1999 - 5/1999,Male,25.3,9.4,5.5,6.4,8.6,4.3,7.4
3/1999 - 5/1999,Female,22.4,5.0,3.4,3.8,4.3,[*7],4.5
3/1999 - 5/1999,Both sexes,24.0,7.2,4.6,5.4,7.3,3.8,6.2
4/1999 - 6/1999,Male,27.6,9.6,5.0,5.8,8.4,3.7,7.1
4/1999 - 6/1999,Female,27.4,5.3,3.1,3.6,4.3,[*7],4.6
4/1999 - 6/1999,Both sexes,27.5,7.5,4.2,5.0,7.2,3.3,6.1
5/1999 - 7/1999,Male,29.2,10.2,5.3,5.7,8.0,3.2,7.3
5/1999 - 7/1999,Female,30.2,5.7,2.9,3.6,4.0,[*7],4.7
5/1999 - 7/1999,Both sexes,29.6,7.9,4.2,4.9,6.9,2.9,6.2
6/1999 - 8/1999,Male,28.6,10.6,5.1,5.6,7.8,3.2,7.3
6/1999 - 8/1999,Female,29.9,6.4,3.2,3.5,4.6,[*7],5.1
6/1999 - 8/1999,Both sexes,29.1,8.5,4.3,4.8,6.8,2.9,6.4
7/1999 - 9/1999,Male,28.0,10.6,5.3,5.8,7.7,2.5,7.3
7/1999 - 9/1999,Female,29.2,6.8,3.1,3.7,4.5,[*7],5.2
7/1999 - 9/1999,Both sexes,28.5,8.6,4.4,5.1,6.8,2.3,6.5
8/1999 - 10/1999,Male,27.9,10.4,5.2,5.8,7.5,3.2,7.2
8/1999 - 10/1999,Female,30.2,6.5,3.3,4.3,5.6,[*7],5.5
8/1999 - 10/1999,Both sexes,29.0,8.4,4.4,5.2,7.0,2.9,6.5
9/1999 - 11/1999,Male,29.0,9.6,5.1,6.1,7.8,3.6,7.2
9/1999 - 11/1999,Female,28.7,6.0,3.3,4.7,6.0,[*7],5.4
9/1999 - 11/1999,Both sexes,28.9,7.7,4.3,5.6,7.3,3.3,6.5
10/1999 - 12/1999,Male,29.7,9.0,4.8,6.0,7.5,4.2,7.0
10/1999 - 12/1999,Female,26.1,5.1,3.3,5.1,6.7,[*7],5.2
10/1999 - 12/1999,Both sexes,28.1,7.0,4.1,5.7,7.3,3.8,6.2
11/1999 - 1/2000,Male,28.1,8.0,4.4,5.8,7.7,4.4,6.6
11/1999 - 1/2000,Female,22.9,4.8,3.1,4.5,5.1,[*7],4.7
11/1999 - 1/2000,Both sexes,25.8,6.4,3.8,5.4,7.0,3.9,5.8
12/1999 - 2/2000,Male,29.6,7.4,4.2,5.9,7.6,4.4,6.4
12/1999 - 2/2000,Female,22.6,4.7,3.1,5.2,4.4,2.3,4.7
12/1999 - 2/2000,Both sexes,26.4,6.0,3.7,5.7,6.7,4.0,5.7
1/2000 - 3/2000,Male,27.5,6.8,4.1,5.5,7.9,4.2,6.1
1/2000 - 3/2000,Female,22.9,4.7,3.2,5.0,3.5,[*7],4.6
1/2000 - 3/2000,Both sexes,25.4,5.7,3.7,5.3,6.6,3.8,5.5
2/2000 - 4/2000,Male,26.2,6.5,3.9,5.4,7.6,4.1,5.9
2/2000 - 4/2000,Female,22.5,4.6,3.2,5.0,4.1,[*7],4.6
2/2000 - 4/2000,Both sexes,24.6,5.5,3.6,5.2,6.6,3.7,5.4
3/2000 - 5/2000,Male,23.3,6.7,3.6,4.8,7.0,3.6,5.5
3/2000 - 5/2000,Female,22.2,4.7,3.0,4.3,3.2,[*7],4.3
3/2000 - 5/2000,Both sexes,22.8,5.7,3.4,4.6,5.9,3.3,5.0
4/2000 - 6/2000,Male,25.6,7.1,3.7,4.8,6.8,3.2,5.6
4/2000 - 6/2000,Female,25.9,4.8,2.6,3.6,3.7,[*7],4.2
4/2000 - 6/2000,Both sexes,25.7,5.9,3.2,4.3,5.9,3.0,5.0
5/2000 - 7/2000,Male,26.2,7.1,3.8,4.7,7.2,2.1,5.6
5/2000 - 7/2000,Female,26.3,5.4,2.5,3.3,3.4,[*7],4.3
5/2000 - 7/2000,Both sexes,26.2,6.2,3.2,4.2,6.1,1.9,5.1
6/2000 - 8/2000,Male,25.3,6.9,3.9,4.5,7.3,2.7,5.6
6/2000 - 8/2000,Female,26.7,6.1,2.4,2.7,3.7,[*7],4.4
6/2000 - 8/2000,Both sexes,26.0,6.5,3.2,3.8,6.2,2.3,5.1
7/2000 - 9/2000,Male,22.2,6.9,3.7,4.4,7.0,2.7,5.4
7/2000 - 9/2000,Female,24.0,6.0,2.6,2.9,3.2,[*7],4.3
7/2000 - 9/2000,Both sexes,23.0,6.4,3.2,3.8,5.9,2.3,4.9
8/2000 - 10/2000,Male,24.5,7.5,3.6,4.2,6.7,3.0,5.4
8/2000 - 10/2000,Female,23.4,5.5,2.4,2.8,3.1,[*7],4.0
8/2000 - 10/2000,Both sexes,24.0,6.4,3.1,3.7,5.6,2.6,4.8
9/2000 - 11/2000,Male,22.9,7.2,3.5,4.1,6.8,2.7,5.3
9/2000 - 11/2000,Female,22.8,4.3,2.3,2.9,3.1,[*7],3.6
9/2000 - 11/2000,Both sexes,22.9,5.7,3.0,3.7,5.7,2.4,4.6
10/2000 - 12/2000,Male,20.4,6.6,3.4,4.4,6.9,2.9,5.2
10/2000 - 12/2000,Female,20.6,3.7,2.2,2.6,3.0,[*7],3.2
10/2000 - 12/2000,Both sexes,20.5,5.1,2.9,3.7,5.6,2.6,4.4
11/2000 - 1/2001,Male,18.0,6.1,3.4,4.2,6.3,2.9,4.9
11/2000 - 1/2001,Female,21.9,3.6,2.4,2.2,2.3,[*7],3.2
11/2000 - 1/2001,Both sexes,19.7,4.8,2.9,3.5,5.1,2.8,4.2
12/2000 - 2/2001,Male,20.3,6.7,3.4,4.7,6.2,2.8,5.2
12/2000 - 2/2001,Female,21.1,3.5,2.2,2.3,2.2,2.6,3.1
12/2000 - 2/2001,Both sexes,20.6,5.1,2.9,3.8,5.0,2.7,4.3
1/2001 - 3/2001,Male,21.4,6.8,3.8,4.7,6.2,2.8,5.3
1/2001 - 3/2001,Female,20.5,3.5,2.2,2.5,2.8,[*7],3.1
1/2001 - 3/2001,Both sexes,21.0,5.1,3.0,3.9,5.2,2.7,4.4
2/2001 - 4/2001,Male,22.2,6.7,4.1,4.9,6.3,2.9,5.5
2/2001 - 4/2001,Female,18.8,3.6,2.0,3.0,3.1,[*7],3.1
2/2001 - 4/2001,Both sexes,20.7,5.1,3.1,4.2,5.3,2.6,4.5
3/2001 - 5/2001,Male,21.6,6.3,4.1,5.0,6.4,3.0,5.4
3/2001 - 5/2001,Female,18.1,3.6,2.2,2.9,2.9,[*7],3.2
3/2001 - 5/2001,Both sexes,20.0,4.9,3.2,4.2,5.3,2.7,4.5
4/2001 - 6/2001,Male,22.7,6.2,3.8,4.9,6.3,2.5,5.3
4/2001 - 6/2001,Female,19.9,3.8,2.5,2.9,2.6,[*7],3.4
4/2001 - 6/2001,Both sexes,21.4,5.0,3.2,4.2,5.1,2.4,4.5
5/2001 - 7/2001,Male,25.8,7.2,3.7,5.1,6.3,2.2,5.5
5/2001 - 7/2001,Female,20.3,4.5,2.5,2.9,2.7,[*7],3.6
5/2001 - 7/2001,Both sexes,23.1,5.8,3.2,4.2,5.1,2.1,4.7
6/2001 - 8/2001,Male,26.1,8.3,3.9,5.2,5.8,2.2,5.8
6/2001 - 8/2001,Female,23.1,5.2,2.5,3.1,3.4,[*7],4.0
6/2001 - 8/2001,Both sexes,24.6,6.7,3.3,4.4,5.1,2.0,5.0
7/2001 - 9/2001,Male,27.3,9.1,4.3,5.7,6.0,2.9,6.3
7/2001 - 9/2001,Female,22.6,5.7,2.4,3.3,3.5,[*7],4.1
7/2001 - 9/2001,Both sexes,25.1,7.4,3.4,4.8,5.2,2.6,5.4
8/2001 - 10/2001,Male,26.9,9.1,4.9,6.0,6.2,3.0,6.6
8/2001 - 10/2001,Female,22.7,5.6,2.7,3.8,4.0,[*7],4.4
8/2001 - 10/2001,Both sexes,24.9,7.3,3.8,5.1,5.6,2.7,5.6
9/2001 - 11/2001,Male,29.8,9.2,5.1,6.3,6.8,3.4,7.0
9/2001 - 11/2001,Female,21.1,5.4,3.0,4.4,4.1,[*7],4.5
9/2001 - 11/2001,Both sexes,25.9,7.2,4.1,5.6,6.0,3.0,5.9
10/2001 - 12/2001,Male,29.4,9.2,5.4,6.5,6.8,3.4,7.1
10/2001 - 12/2001,Female,21.9,5.4,3.4,4.7,4.4,[*7],4.8
10/2001 - 12/2001,Both sexes,25.9,7.2,4.4,5.8,6.1,3.1,6.1
11/2001 - 1/2002,Male,29.0,9.9,5.8,6.6,7.0,4.5,7.4
11/2001 - 1/2002,Female,19.6,5.3,3.6,4.9,4.8,[*7],4.8
11/2001 - 1/2002,Both sexes,24.8,7.5,4.7,6.0,6.3,4.0,6.3
12/2001 - 2/2002,Male,28.9,9.5,6.5,6.8,7.4,4.5,7.7
12/2001 - 2/2002,Female,21.2,5.4,4.1,4.8,5.3,3.2,5.1
12/2001 - 2/2002,Both sexes,25.3,7.4,5.4,6.0,6.7,4.3,6.6
1/2002 - 3/2002,Male,31.7,10.0,6.7,7.1,7.9,5.8,8.1
1/2002 - 3/2002,Female,21.8,5.4,4.1,5.1,5.9,3.4,5.3
1/2002 - 3/2002,Both sexes,27.1,7.6,5.5,6.3,7.2,5.3,6.9
2/2002 - 4/2002,Male,32.4,9.9,6.4,7.4,8.7,5.7,8.2
2/2002 - 4/2002,Female,25.5,5.5,4.4,5.4,6.4,3.3,5.6
2/2002 - 4/2002,Both sexes,29.2,7.6,5.4,6.6,7.9,5.2,7.1
3/2002 - 5/2002,Male,31.8,10.4,6.3,7.7,9.0,6.4,8.4
3/2002 - 5/2002,Female,26.9,5.8,4.4,5.4,6.9,2.7,5.7
3/2002 - 5/2002,Both sexes,29.5,8.0,5.4,6.8,8.3,5.7,7.3
4/2002 - 6/2002,Male,33.0,10.7,6.6,7.9,9.4,6.7,8.7
4/2002 - 6/2002,Female,27.2,6.3,4.4,6.1,6.8,3.2,6.1
4/2002 - 6/2002,Both sexes,30.3,8.4,5.5,7.2,8.5,6.0,7.6
5/2002 - 7/2002,Male,34.9,11.0,6.4,7.9,10.0,5.7,8.9
5/2002 - 7/2002,Female,29.2,7.1,4.4,6.2,6.7,3.0,6.4
5/2002 - 7/2002,Both sexes,32.2,9.0,5.4,7.2,8.9,5.1,7.8
6/2002 - 8/2002,Male,36.8,11.3,6.4,7.2,9.5,4.8,8.7
6/2002 - 8/2002,Female,31.0,7.6,4.1,6.4,7.2,3.4,6.6
6/2002 - 8/2002,Both sexes,34.1,9.4,5.3,6.9,8.7,4.6,7.8
7/2002 - 9/2002,Male,37.3,11.2,5.9,6.8,9.6,4.9,8.5
7/2002 - 9/2002,Female,32.6,7.3,4.1,6.3,6.9,3.2,6.5
7/2002 - 9/2002,Both sexes,35.2,9.2,5.0,6.6,8.7,4.6,7.6
8/2002 - 10/2002,Male,36.2,10.8,6.0,6.6,9.3,5.6,8.3
8/2002 - 10/2002,Female,29.0,6.2,4.3,6.5,6.9,3.1,6.2
8/2002 - 10/2002,Both sexes,32.8,8.4,5.2,6.6,8.5,5.1,7.4
9/2002 - 11/2002,Male,35.8,10.1,5.9,6.4,9.3,5.5,8.0
9/2002 - 11/2002,Female,26.0,5.8,5.0,6.5,6.0,2.9,6.2
9/2002 - 11/2002,Both sexes,31.3,7.9,5.5,6.4,8.2,4.9,7.2
10/2002 - 12/2002,Male,34.4,10.0,6.3,6.7,9.5,4.7,8.2
10/2002 - 12/2002,Female,23.7,5.4,4.9,6.3,6.2,[*7],5.9
10/2002 - 12/2002,Both sexes,29.4,7.6,5.6,6.5,8.4,4.2,7.2
11/2002 - 1/2003,Male,33.2,9.7,6.4,7.0,9.0,4.4,8.1
11/2002 - 1/2003,Female,22.4,5.0,4.6,5.8,5.7,[*7],5.5
11/2002 - 1/2003,Both sexes,28.2,7.3,5.6,6.5,7.9,3.9,7.0
12/2002 - 2/2003,Male,32.8,10.6,6.4,8.0,9.9,4.5,8.7
12/2002 - 2/2003,Female,22.1,5.1,4.3,6.1,5.4,[*7],5.4
12/2002 - 2/2003,Both sexes,27.9,7.8,5.4,7.2,8.4,3.8,7.3
1/2003 - 3/2003,Male,29.9,10.1,6.6,8.2,9.9,4.1,8.7
1/2003 - 3/2003,Female,22.7,5.6,4.8,5.7,6.4,[*7],5.7
1/2003 - 3/2003,Both sexes,26.6,7.8,5.7,7.2,8.7,3.6,7.4
2/2003 - 4/2003,Male,30.7,11.0,7.2,8.5,10.4,4.8,9.2
2/2003 - 4/2003,Female,24.9,6.3,4.9,6.0,6.0,2.6,6.0
2/2003 - 4/2003,Both sexes,28.1,8.6,6.0,7.4,8.9,4.4,7.8
3/2003 - 5/2003,Male,30.8,11.2,7.7,8.9,10.7,5.6,9.6
3/2003 - 5/2003,Female,26.7,6.7,5.0,6.2,6.9,2.9,6.4
3/2003 - 5/2003,Both sexes,29.0,8.9,6.4,7.8,9.5,5.0,8.2
4/2003 - 6/2003,Male,35.3,12.5,8.0,9.2,10.8,5.5,10.1
4/2003 - 6/2003,Female,30.2,6.7,5.1,6.4,6.5,3.9,6.5
4/2003 - 6/2003,Both sexes,33.0,9.5,6.6,8.1,9.4,5.2,8.5
5/2003 - 7/2003,Male,35.6,13.0,7.9,8.8,11.3,5.1,10.2
5/2003 - 7/2003,Female,34.6,7.3,5.2,7.1,7.2,3.8,7.1
5/2003 - 7/2003,Both sexes,35.2,10.1,6.6,8.1,9.9,4.9,8.8
6/2003 - 8/2003,Male,39.3,13.8,7.8,8.1,11.1,4.7,10.1
6/2003 - 8/2003,Female,35.5,7.3,5.2,7.2,6.9,4.5,7.2
6/2003 - 8/2003,Both sexes,37.6,10.4,6.5,7.8,9.7,4.7,8.8
7/2003 - 9/2003,Male,37.1,13.6,7.5,7.7,11.1,4.3,9.8
7/2003 - 9/2003,Female,34.6,7.4,4.6,7.2,6.9,[*7],6.9
7/2003 - 9/2003,Both sexes,36.0,10.4,6.1,7.5,9.7,3.7,8.5
8/2003 - 10/2003,Male,34.5,12.4,7.3,7.8,10.5,4.6,9.4
8/2003 - 10/2003,Female,29.9,6.2,4.8,6.8,6.7,[*7],6.4
8/2003 - 10/2003,Both sexes,32.3,9.3,6.1,7.4,9.3,4.1,8.1
9/2003 - 11/2003,Male,29.7,10.9,6.7,7.4,10.4,6.4,8.8
9/2003 - 11/2003,Female,24.0,5.2,5.1,6.2,7.1,[*7],6.0
9/2003 - 11/2003,Both sexes,27.0,8.0,5.9,6.9,9.3,5.6,7.6
10/2003 - 12/2003,Male,27.8,9.9,6.2,7.0,10.7,6.3,8.3
10/2003 - 12/2003,Female,20.9,4.5,5.2,6.2,7.2,[*7],5.8
10/2003 - 12/2003,Both sexes,24.6,7.1,5.7,6.6,9.6,5.5,7.2
11/2003 - 1/2004,Male,28.9,9.7,5.7,6.8,10.4,6.5,8.1
11/2003 - 1/2004,Female,18.4,4.4,4.6,6.2,7.7,2.6,5.6
11/2003 - 1/2004,Both sexes,24.1,7.0,5.2,6.6,9.5,5.8,7.0
12/2003 - 2/2004,Male,30.3,9.8,5.8,7.1,10.6,5.6,8.2
12/2003 - 2/2004,Female,18.2,4.2,4.2,6.1,7.6,3.0,5.4
12/2003 - 2/2004,Both sexes,24.9,6.9,5.0,6.7,9.6,5.1,7.0
1/2004 - 3/2004,Male,30.8,9.7,5.9,7.4,10.1,7.6,8.4
1/2004 - 3/2004,Female,17.5,4.4,4.5,5.9,8.0,3.0,5.5
1/2004 - 3/2004,Both sexes,24.9,7.0,5.2,6.7,9.4,6.8,7.1
2/2004 - 4/2004,Male,30.8,9.3,5.9,7.1,10.3,7.8,8.2
2/2004 - 4/2004,Female,18.5,4.8,4.4,6.1,7.8,2.4,5.6
2/2004 - 4/2004,Both sexes,25.3,7.0,5.1,6.7,9.5,6.8,7.1
3/2004 - 5/2004,Male,26.5,9.4,5.8,6.9,9.6,7.6,7.9
3/2004 - 5/2004,Female,22.7,4.8,3.9,6.5,7.9,[*7],5.7
3/2004 - 5/2004,Both sexes,24.7,7.0,4.9,6.7,9.0,6.6,6.9
4/2004 - 6/2004,Male,30.4,9.3,5.7,6.7,9.4,6.4,7.8
4/2004 - 6/2004,Female,27.3,4.8,3.7,6.3,7.0,[*7],5.5
4/2004 - 6/2004,Both sexes,29.0,7.0,4.7,6.5,8.6,5.6,6.8
5/2004 - 7/2004,Male,31.7,9.8,5.7,6.7,9.3,6.0,8.0
5/2004 - 7/2004,Female,29.7,5.1,3.9,6.2,7.5,[*7],5.8
5/2004 - 7/2004,Both sexes,30.8,7.3,4.8,6.5,8.7,5.2,7.0
6/2004 - 8/2004,Male,31.3,9.7,5.7,6.6,9.1,5.8,7.9
6/2004 - 8/2004,Female,29.0,5.6,4.2,5.8,6.7,[*7],5.8
6/2004 - 8/2004,Both sexes,30.2,7.6,4.9,6.3,8.3,5.1,7.0
7/2004 - 9/2004,Male,29.5,10.2,5.7,6.7,8.8,5.6,7.9
7/2004 - 9/2004,Female,26.9,5.8,4.1,6.0,6.9,[*7],5.9
7/2004 - 9/2004,Both sexes,28.3,7.9,4.9,6.4,8.2,4.9,7.0
8/2004 - 10/2004,Male,30.0,9.2,5.5,6.8,8.4,6.3,7.6
8/2004 - 10/2004,Female,24.6,5.1,4.0,6.2,6.6,2.9,5.6
8/2004 - 10/2004,Both sexes,27.4,7.1,4.7,6.6,7.8,5.6,6.7
9/2004 - 11/2004,Male,28.8,8.1,5.5,6.6,8.5,6.7,7.4
9/2004 - 11/2004,Female,21.5,4.7,3.9,6.6,7.6,4.3,5.7
9/2004 - 11/2004,Both sexes,25.4,6.4,4.7,6.6,8.2,6.2,6.6
10/2004 - 12/2004,Male,24.7,7.1,5.2,6.1,9.0,6.4,6.9
10/2004 - 12/2004,Female,17.8,4.3,4.1,6.4,7.9,5.7,5.6
10/2004 - 12/2004,Both sexes,21.4,5.6,4.6,6.3,8.6,6.2,6.3
11/2004 - 1/2005,Male,21.2,6.6,5.1,5.8,8.7,5.6,6.6
11/2004 - 1/2005,Female,14.3,4.2,4.0,5.7,7.5,5.3,5.2
11/2004 - 1/2005,Both sexes,17.8,5.4,4.5,5.8,8.3,5.5,6.0
12/2004 - 2/2005,Male,21.7,6.9,5.2,5.9,8.7,5.5,6.7
12/2004 - 2/2005,Female,13.0,4.4,3.7,4.9,7.1,3.9,4.8
12/2004 - 2/2005,Both sexes,17.6,5.6,4.5,5.4,8.2,5.2,5.8
1/2005 - 3/2005,Male,21.8,7.1,5.3,6.0,8.8,5.9,6.8
1/2005 - 3/2005,Female,12.4,4.5,3.3,4.8,7.2,2.5,4.7
1/2005 - 3/2005,Both sexes,17.4,5.7,4.3,5.5,8.2,5.2,5.9
2/2005 - 4/2005,Male,21.5,8.1,5.3,6.3,8.5,5.3,7.0
2/2005 - 4/2005,Female,12.2,4.4,3.0,4.5,7.3,[*7],4.4
2/2005 - 4/2005,Both sexes,17.2,6.2,4.1,5.5,8.1,4.7,5.9
3/2005 - 5/2005,Male,20.7,8.4,4.6,6.2,8.5,4.5,6.8
3/2005 - 5/2005,Female,16.1,4.3,3.0,4.4,6.4,[*7],4.4
3/2005 - 5/2005,Both sexes,18.6,6.3,3.8,5.5,7.8,4.1,5.7
4/2005 - 6/2005,Male,25.2,8.5,4.7,6.0,8.2,4.0,6.8
4/2005 - 6/2005,Female,25.2,4.5,3.1,4.2,5.1,2.7,4.4
4/2005 - 6/2005,Both sexes,25.2,6.4,3.9,5.2,7.1,3.7,5.7
5/2005 - 7/2005,Male,29.0,9.3,4.8,5.8,8.2,4.0,7.0
5/2005 - 7/2005,Female,28.8,4.9,3.4,4.7,4.7,3.4,4.8
5/2005 - 7/2005,Both sexes,28.9,7.0,4.1,5.3,7.0,3.9,6.0
6/2005 - 8/2005,Male,29.5,9.4,4.5,5.7,7.7,3.4,6.9
6/2005 - 8/2005,Female,28.0,5.0,3.2,4.9,5.1,3.7,4.9
6/2005 - 8/2005,Both sexes,28.8,7.1,3.9,5.3,6.8,3.4,6.0
7/2005 - 9/2005,Male,27.2,9.8,3.8,5.6,7.0,3.6,6.5
7/2005 - 9/2005,Female,22.6,4.8,2.9,5.1,5.2,3.6,4.7
7/2005 - 9/2005,Both sexes,25.1,7.2,3.4,5.4,6.4,3.6,5.7
8/2005 - 10/2005,Male,21.7,8.6,3.8,5.3,7.0,3.5,6.1
8/2005 - 10/2005,Female,19.1,4.6,2.8,4.7,5.4,2.5,4.4
8/2005 - 10/2005,Both sexes,20.6,6.5,3.3,5.1,6.5,3.3,5.4
9/2005 - 11/2005,Male,21.4,7.9,4.2,5.4,6.9,4.5,6.1
9/2005 - 11/2005,Female,15.8,4.4,3.0,4.5,4.9,[*7],4.2
9/2005 - 11/2005,Both sexes,19.1,6.1,3.6,5.0,6.2,3.9,5.3
10/2005 - 12/2005,Male,22.4,7.2,4.3,5.3,6.7,3.4,5.9
10/2005 - 12/2005,Female,14.9,3.8,2.9,4.3,4.9,[*7],3.9
10/2005 - 12/2005,Both sexes,19.2,5.4,3.6,4.9,6.1,2.9,5.0
11/2005 - 1/2006,Male,22.7,7.1,4.3,5.2,6.7,3.0,5.8
11/2005 - 1/2006,Female,17.0,3.5,2.6,3.6,4.5,[*7],3.6
11/2005 - 1/2006,Both sexes,20.2,5.2,3.5,4.5,5.9,2.6,4.8
12/2005 - 2/2006,Male,22.8,7.3,4.4,5.4,7.0,2.7,6.0
12/2005 - 2/2006,Female,16.8,3.4,2.5,3.5,5.0,[*7],3.5
12/2005 - 2/2006,Both sexes,20.1,5.2,3.4,4.6,6.3,2.4,4.9
1/2006 - 3/2006,Male,22.3,7.5,4.7,5.6,7.0,3.2,6.1
1/2006 - 3/2006,Female,16.7,3.6,2.8,3.5,4.7,[*7],3.6
1/2006 - 3/2006,Both sexes,19.7,5.4,3.7,4.7,6.2,2.7,5.0
2/2006 - 4/2006,Male,24.8,7.2,4.4,5.3,7.2,4.0,6.1
2/2006 - 4/2006,Female,14.3,3.4,2.6,4.0,5.0,[*7],3.7
2/2006 - 4/2006,Both sexes,20.4,5.2,3.5,4.8,6.4,3.5,5.0
3/2006 - 5/2006,Male,25.7,6.9,4.6,4.8,6.5,3.5,5.7
3/2006 - 5/2006,Female,17.8,3.2,2.9,4.4,4.1,[*7],3.7
3/2006 - 5/2006,Both sexes,22.3,4.9,3.7,4.6,5.7,2.9,4.8
4/2006 - 6/2006,Male,28.8,7.3,4.6,4.7,6.5,3.5,5.9
4/2006 - 6/2006,Female,24.5,3.9,2.5,4.2,4.3,[*7],3.9
4/2006 - 6/2006,Both sexes,26.9,5.5,3.6,4.5,5.8,3.0,5.0
5/2006 - 7/2006,Male,28.3,8.0,4.5,4.7,6.0,3.1,5.9
5/2006 - 7/2006,Female,28.1,5.0,2.8,4.1,4.0,[*7],4.3
5/2006 - 7/2006,Both sexes,28.2,6.4,3.7,4.4,5.3,2.6,5.2
6/2006 - 8/2006,Male,28.1,8.3,4.1,4.5,6.2,3.2,5.9
6/2006 - 8/2006,Female,25.5,5.5,2.8,4.0,4.1,[*7],4.4
6/2006 - 8/2006,Both sexes,26.9,6.8,3.4,4.3,5.4,2.7,5.2
7/2006 - 9/2006,Male,25.3,8.1,3.9,4.2,6.0,2.4,5.5
7/2006 - 9/2006,Female,21.5,5.5,2.7,3.9,3.6,[*7],4.2
7/2006 - 9/2006,Both sexes,23.5,6.7,3.3,4.0,5.1,2.0,4.9
8/2006 - 10/2006,Male,24.6,7.4,3.9,4.2,5.6,2.4,5.3
8/2006 - 10/2006,Female,16.3,4.7,2.7,3.5,3.3,[*7],3.8
8/2006 - 10/2006,Both sexes,20.5,6.0,3.3,3.9,4.8,2.1,4.6
9/2006 - 11/2006,Male,24.4,7.0,3.9,4.2,5.7,2.5,5.2
9/2006 - 11/2006,Female,12.9,4.3,2.4,3.1,3.5,[*7],3.4
9/2006 - 11/2006,Both sexes,18.6,5.6,3.1,3.7,4.9,2.3,4.4
10/2006 - 12/2006,Male,22.6,6.3,3.6,4.4,5.6,3.1,5.1
10/2006 - 12/2006,Female,12.8,3.6,2.5,3.0,3.7,[*7],3.3
10/2006 - 12/2006,Both sexes,17.6,4.9,3.1,3.8,5.0,2.7,4.2
11/2006 - 1/2007,Male,21.2,5.9,3.7,4.3,5.3,2.9,4.8
11/2006 - 1/2007,Female,14.2,3.4,2.3,3.2,4.2,[*7],3.3
11/2006 - 1/2007,Both sexes,17.7,4.6,3.0,3.8,4.9,2.5,4.1
12/2006 - 2/2007,Male,18.7,5.4,3.6,4.4,5.2,2.7,4.7
12/2006 - 2/2007,Female,14.9,3.1,2.3,3.4,4.2,[*7],3.3
12/2006 - 2/2007,Both sexes,16.9,4.1,3.0,4.0,4.8,2.4,4.1
1/2007 - 3/2007,Male,16.9,5.7,3.6,4.6,5.7,3.1,4.9
1/2007 - 3/2007,Female,15.4,3.0,2.5,3.4,4.9,[*7],3.4
1/2007 - 3/2007,Both sexes,16.2,4.3,3.0,4.1,5.4,2.6,4.2
2/2007 - 4/2007,Male,19.6,5.8,3.6,4.5,6.0,3.9,5.0
2/2007 - 4/2007,Female,15.2,3.0,2.7,3.5,4.8,2.1,3.5
2/2007 - 4/2007,Both sexes,17.5,4.3,3.2,4.1,5.6,3.5,4.3
3/2007 - 5/2007,Male,20.4,5.9,3.5,4.3,5.7,4.1,5.0
3/2007 - 5/2007,Female,19.6,3.2,2.8,3.3,4.8,2.5,3.6
3/2007 - 5/2007,Both sexes,20.0,4.5,3.1,3.8,5.4,3.8,4.3
4/2007 - 6/2007,Male,24.1,6.2,3.7,3.9,5.3,3.3,4.9
4/2007 - 6/2007,Female,24.3,3.4,2.8,3.4,4.0,2.3,3.6
4/2007 - 6/2007,Both sexes,24.2,4.7,3.2,3.7,4.8,3.1,4.3
5/2007 - 7/2007,Male,26.6,6.9,3.7,3.8,5.1,2.3,5.0
5/2007 - 7/2007,Female,27.9,4.0,2.5,3.1,3.9,[*7],3.7
5/2007 - 7/2007,Both sexes,27.2,5.3,3.1,3.5,4.7,1.9,4.4
6/2007 - 8/2007,Male,26.5,7.5,4.0,3.9,4.8,2.1,5.1
6/2007 - 8/2007,Female,26.3,4.6,2.7,3.1,4.3,[*7],3.9
6/2007 - 8/2007,Both sexes,26.4,5.9,3.3,3.5,4.6,1.7,4.6
7/2007 - 9/2007,Male,24.8,7.1,3.7,3.6,4.6,2.5,4.9
7/2007 - 9/2007,Female,20.6,4.6,2.4,2.9,4.0,[*7],3.6
7/2007 - 9/2007,Both sexes,23.0,5.7,3.0,3.3,4.4,2.1,4.3
8/2007 - 10/2007,Male,18.9,6.4,3.3,3.4,5.0,2.2,4.5
8/2007 - 10/2007,Female,16.7,4.0,2.3,3.2,3.5,[*7],3.4
8/2007 - 10/2007,Both sexes,18.0,5.1,2.8,3.3,4.4,2.1,4.0
9/2007 - 11/2007,Male,17.7,6.1,2.7,2.9,4.6,2.2,4.0
9/2007 - 11/2007,Female,15.5,3.1,2.1,3.0,3.6,2.3,3.0
9/2007 - 11/2007,Both sexes,16.6,4.5,2.4,2.9,4.2,2.2,3.5
10/2007 - 12/2007,Male,16.1,5.5,2.5,2.6,3.9,2.2,3.6
10/2007 - 12/2007,Female,14.3,2.8,2.0,3.0,3.5,1.8,2.9
10/2007 - 12/2007,Both sexes,15.2,4.0,2.2,2.7,3.8,2.1,3.3
11/2007 - 1/2008,Male,17.9,5.1,2.2,3.0,3.6,2.3,3.5
11/2007 - 1/2008,Female,11.7,2.5,1.9,2.7,3.5,[*7],2.6
11/2007 - 1/2008,Both sexes,14.8,3.7,2.0,2.9,3.6,2.0,3.1
12/2007 - 2/2008,Male,12.7,4.6,2.2,3.3,4.3,2.3,3.6
12/2007 - 2/2008,Female,9.3,2.3,1.7,2.9,2.9,1.8,2.5
12/2007 - 2/2008,Both sexes,11.0,3.4,2.0,3.1,3.8,2.2,3.1
1/2008 - 3/2008,Male,10.4,5.2,2.3,3.6,4.4,1.8,3.8
1/2008 - 3/2008,Female,10.5,2.6,2.1,2.9,2.9,[*7],2.7
1/2008 - 3/2008,Both sexes,10.5,3.8,2.2,3.3,3.8,1.7,3.2
2/2008 - 4/2008,Male,8.0,5.4,2.4,3.4,4.5,2.4,3.8
2/2008 - 4/2008,Female,9.5,2.9,2.1,3.0,2.8,2.1,2.8
2/2008 - 4/2008,Both sexes,8.7,4.0,2.2,3.2,3.9,2.3,3.3
3/2008 - 5/2008,Male,14.3,5.3,2.5,3.3,3.9,1.8,3.7
3/2008 - 5/2008,Female,11.4,3.7,2.0,3.0,2.8,[*7],2.9
3/2008 - 5/2008,Both sexes,12.8,4.4,2.3,3.2,3.5,1.7,3.3
4/2008 - 6/2008,Male,17.8,5.1,2.5,3.2,4.3,1.9,3.8
4/2008 - 6/2008,Female,14.7,3.8,1.8,2.7,2.6,[*7],2.8
4/2008 - 6/2008,Both sexes,16.2,4.4,2.1,2.9,3.7,1.8,3.3
5/2008 - 7/2008,Male,20.0,5.4,2.6,2.9,4.2,2.0,3.8
5/2008 - 7/2008,Female,17.3,4.1,1.9,2.6,2.6,[*7],3.0
5/2008 - 7/2008,Both sexes,18.6,4.7,2.2,2.8,3.6,1.6,3.4
6/2008 - 8/2008,Male,18.4,6.0,2.6,3.0,4.3,2.4,4.0
6/2008 - 8/2008,Female,15.6,3.9,2.1,2.7,2.7,[*7],3.0
6/2008 - 8/2008,Both sexes,17.0,4.8,2.3,2.9,3.7,1.8,3.5
7/2008 - 9/2008,Male,20.0,6.1,2.8,3.0,4.4,2.5,4.1
7/2008 - 9/2008,Female,15.1,4.0,2.1,3.1,2.7,[*7],3.1
7/2008 - 9/2008,Both sexes,17.6,5.0,2.4,3.1,3.7,2.0,3.7
8/2008 - 10/2008,Male,19.0,6.5,2.7,3.1,4.1,1.8,4.0
8/2008 - 10/2008,Female,14.1,4.2,2.1,3.1,2.5,[*7],3.1
8/2008 - 10/2008,Both sexes,16.9,5.2,2.4,3.1,3.5,1.4,3.6
9/2008 - 11/2008,Male,19.9,6.7,3.0,3.1,4.5,1.9,4.3
9/2008 - 11/2008,Female,18.1,4.4,2.2,2.9,2.5,[*7],3.2
9/2008 - 11/2008,Both sexes,19.1,5.4,2.6,3.0,3.7,1.6,3.7
10/2008 - 12/2008,Male,22.9,6.6,3.3,3.4,4.3,2.5,4.4
10/2008 - 12/2008,Female,15.0,4.2,2.4,2.9,2.8,[*7],3.2
10/2008 - 12/2008,Both sexes,19.3,5.3,2.9,3.2,3.8,2.1,3.9
11/2008 - 1/2009,Male,21.9,7.1,4.1,3.9,5.2,3.3,5.1
11/2008 - 1/2009,Female,13.4,4.1,2.9,3.2,3.1,[*7],3.4
11/2008 - 1/2009,Both sexes,18.0,5.5,3.5,3.6,4.4,2.7,4.3
12/2008 - 2/2009,Male,22.1,7.3,4.6,4.6,6.2,3.8,5.7
12/2008 - 2/2009,Female,10.8,4.3,3.0,3.7,2.9,1.9,3.6
12/2008 - 2/2009,Both sexes,16.9,5.7,3.7,4.2,5.0,3.3,4.7
1/2009 - 3/2009,Male,18.5,8.1,4.6,5.2,6.7,3.6,6.0
1/2009 - 3/2009,Female,14.3,5.0,3.3,4.2,3.3,2.4,4.1
1/2009 - 3/2009,Both sexes,16.6,6.4,3.9,4.7,5.4,3.3,5.1
2/2009 - 4/2009,Male,19.7,8.6,4.7,5.6,7.0,3.6,6.3
2/2009 - 4/2009,Female,16.1,5.0,3.5,4.4,3.6,3.2,4.3
2/2009 - 4/2009,Both sexes,18.1,6.6,4.1,5.0,5.8,3.5,5.4
3/2009 - 5/2009,Male,23.0,8.8,4.5,5.6,6.4,3.4,6.2
3/2009 - 5/2009,Female,18.0,5.3,3.7,4.7,3.7,2.4,4.5
3/2009 - 5/2009,Both sexes,20.8,6.9,4.1,5.2,5.4,3.2,5.4
4/2009 - 6/2009,Male,25.1,9.6,4.7,5.7,6.3,3.0,6.4
4/2009 - 6/2009,Female,22.1,5.2,3.7,4.4,3.8,2.0,4.5
4/2009 - 6/2009,Both sexes,23.8,7.2,4.1,5.1,5.4,2.8,5.5
5/2009 - 7/2009,Male,29.8,10.1,4.8,5.7,6.0,3.5,6.6
5/2009 - 7/2009,Female,26.7,6.0,3.5,4.3,4.5,2.0,4.8
5/2009 - 7/2009,Both sexes,28.4,7.9,4.1,5.1,5.4,3.1,5.8
6/2009 - 8/2009,Male,28.6,10.9,4.5,5.5,6.1,3.5,6.7
6/2009 - 8/2009,Female,28.2,6.3,3.9,3.9,4.7,2.2,5.0
6/2009 - 8/2009,Both sexes,28.4,8.4,4.1,4.7,5.6,3.2,5.9
7/2009 - 9/2009,Male,26.0,10.6,4.4,5.0,5.9,3.8,6.4
7/2009 - 9/2009,Female,25.7,6.1,3.6,4.2,4.7,2.1,4.9
7/2009 - 9/2009,Both sexes,25.8,8.2,4.0,4.6,5.4,3.4,5.7
8/2009 - 10/2009,Male,24.8,10.1,4.0,4.6,5.6,2.8,5.9
8/2009 - 10/2009,Female,20.2,5.7,3.3,4.0,3.6,2.3,4.3
8/2009 - 10/2009,Both sexes,22.6,7.7,3.6,4.3,4.8,2.7,5.2
9/2009 - 11/2009,Male,25.0,9.6,4.1,4.5,5.5,2.6,5.7
9/2009 - 11/2009,Female,17.4,5.4,3.0,3.7,3.4,2.5,4.0
9/2009 - 11/2009,Both sexes,21.3,7.3,3.5,4.1,4.7,2.6,4.9
10/2009 - 12/2009,Male,24.4,8.7,4.1,4.4,5.2,2.4,5.4
10/2009 - 12/2009,Female,15.2,5.3,3.0,3.4,3.3,2.9,3.9
10/2009 - 12/2009,Both sexes,19.8,6.9,3.6,4.0,4.5,2.5,4.7
11/2009 - 1/2010,Male,21.5,7.8,4.1,4.1,5.4,3.5,5.2
11/2009 - 1/2010,Female,15.4,4.9,3.1,3.2,3.5,3.7,3.8
11/2009 - 1/2010,Both sexes,18.4,6.2,3.6,3.7,4.7,3.5,4.6
12/2009 - 2/2010,Male,21.5,7.1,4.2,4.1,5.2,3.4,5.1
12/2009 - 2/2010,Female,14.2,4.2,2.9,3.3,3.7,2.4,3.6
12/2009 - 2/2010,Both sexes,18.0,5.5,3.5,3.7,4.7,3.2,4.4
1/2010 - 3/2010,Male,24.6,7.2,4.4,4.4,5.7,4.2,5.4
1/2010 - 3/2010,Female,11.5,4.5,2.5,3.2,3.2,2.1,3.4
1/2010 - 3/2010,Both sexes,18.2,5.7,3.4,3.8,4.7,3.7,4.4
2/2010 - 4/2010,Male,24.6,7.4,4.5,4.9,5.8,4.6,5.6
2/2010 - 4/2010,Female,11.4,4.6,2.6,3.3,3.0,[*7],3.3
2/2010 - 4/2010,Both sexes,18.7,5.9,3.5,4.1,4.8,3.6,4.6
3/2010 - 5/2010,Male,25.1,8.1,4.6,4.8,5.8,4.7,5.8
3/2010 - 5/2010,Female,14.5,5.3,2.8,3.4,3.1,1.2,3.7
3/2010 - 5/2010,Both sexes,20.4,6.6,3.6,4.1,4.8,3.8,4.8
4/2010 - 6/2010,Male,21.9,8.5,4.2,4.5,5.3,4.0,5.5
4/2010 - 6/2010,Female,19.2,5.7,3.0,3.3,3.8,1.2,3.9
4/2010 - 6/2010,Both sexes,20.7,7.0,3.5,4.0,4.7,3.2,4.8
5/2010 - 7/2010,Male,23.4,9.0,3.8,4.2,4.5,3.5,5.2
5/2010 - 7/2010,Female,16.7,6.0,2.7,3.2,3.7,1.5,3.9
5/2010 - 7/2010,Both sexes,20.4,7.4,3.2,3.7,4.2,2.9,4.6
6/2010 - 8/2010,Male,23.5,9.4,3.5,3.9,4.3,3.5,5.1
6/2010 - 8/2010,Female,17.1,6.6,2.4,3.1,3.6,1.4,3.9
6/2010 - 8/2010,Both sexes,20.7,7.9,2.9,3.5,4.0,3.0,4.6
7/2010 - 9/2010,Male,24.9,9.5,2.9,3.7,4.5,2.8,5.0
7/2010 - 9/2010,Female,16.5,6.4,2.2,2.8,3.4,1.4,3.7
7/2010 - 9/2010,Both sexes,21.2,7.8,2.5,3.3,4.1,2.5,4.4
8/2010 - 10/2010,Male,23.9,9.3,2.9,3.3,4.3,2.2,4.7
8/2010 - 10/2010,Female,21.2,5.7,2.4,2.7,3.0,[*7],3.5
8/2010 - 10/2010,Both sexes,22.7,7.3,2.6,3.0,3.8,1.8,4.2
9/2010 - 11/2010,Male,21.6,8.2,2.6,3.4,4.4,1.8,4.4
9/2010 - 11/2010,Female,22.6,5.0,2.2,2.5,2.8,[*7],3.3
9/2010 - 11/2010,Both sexes,22.1,6.5,2.4,3.0,3.8,1.5,3.9
10/2010 - 12/2010,Male,19.7,7.7,2.8,3.2,4.3,2.0,4.3
10/2010 - 12/2010,Female,24.8,4.2,2.4,2.3,2.2,[*7],3.0
10/2010 - 12/2010,Both sexes,22.1,5.9,2.6,2.8,3.5,1.7,3.7
11/2010 - 1/2011,Male,19.3,6.9,3.0,3.4,4.1,1.9,4.2
11/2010 - 1/2011,Female,23.1,4.2,1.9,2.2,1.9,1.6,2.8
11/2010 - 1/2011,Both sexes,21.2,5.4,2.5,2.8,3.3,1.8,3.5
12/2010 - 2/2011,Male,17.8,6.5,3.2,3.3,4.2,2.2,4.1
12/2010 - 2/2011,Female,22.3,3.5,1.8,2.2,1.7,1.1,2.5
12/2010 - 2/2011,Both sexes,19.9,4.9,2.5,2.8,3.2,1.9,3.4
1/2011 - 3/2011,Male,16.8,6.4,3.5,3.3,4.0,2.2,4.1
1/2011 - 3/2011,Female,18.8,3.6,1.8,2.6,1.5,1.8,2.6
1/2011 - 3/2011,Both sexes,17.7,4.9,2.6,3.0,3.1,2.1,3.4
2/2011 - 4/2011,Male,15.1,6.6,3.4,3.4,4.4,2.2,4.3
2/2011 - 4/2011,Female,19.3,3.8,2.3,2.8,1.9,1.2,2.9
2/2011 - 4/2011,Both sexes,16.9,5.1,2.8,3.1,3.5,1.9,3.6
3/2011 - 5/2011,Male,17.3,7.0,3.3,3.1,4.4,2.4,4.3
3/2011 - 5/2011,Female,15.3,3.9,2.6,2.9,2.2,1.7,3.0
3/2011 - 5/2011,Both sexes,16.5,5.3,2.9,3.0,3.5,2.2,3.7
4/2011 - 6/2011,Male,22.3,7.8,2.9,3.1,4.4,2.2,4.4
4/2011 - 6/2011,Female,14.5,3.9,2.5,2.7,2.7,1.4,3.0
4/2011 - 6/2011,Both sexes,19.0,5.7,2.7,2.9,3.7,2.0,3.7
5/2011 - 7/2011,Male,25.1,7.8,2.7,2.9,4.5,2.0,4.3
5/2011 - 7/2011,Female,12.7,4.6,2.3,2.8,2.2,1.2,3.0
5/2011 - 7/2011,Both sexes,19.4,6.1,2.5,2.9,3.6,1.8,3.7
6/2011 - 8/2011,Male,21.7,7.6,2.7,2.8,3.7,1.6,4.0
6/2011 - 8/2011,Female,14.8,4.8,2.0,2.6,1.9,1.5,2.9
6/2011 - 8/2011,Both sexes,18.3,6.1,2.3,2.7,3.0,1.5,3.5
7/2011 - 9/2011,Male,16.2,6.8,2.8,2.7,3.5,2.1,3.8
7/2011 - 9/2011,Female,17.3,4.8,2.0,2.5,2.1,1.6,3.0
7/2011 - 9/2011,Both sexes,16.8,5.7,2.4,2.6,3.0,1.9,3.4
8/2011 - 10/2011,Male,14.5,6.8,2.7,2.6,3.9,2.4,3.8
8/2011 - 10/2011,Female,16.3,4.2,1.9,2.2,2.7,1.9,2.8
8/2011 - 10/2011,Both sexes,15.4,5.4,2.3,2.4,3.4,2.3,3.4
9/2011 - 11/2011,Male,16.7,6.0,2.8,2.6,4.0,2.2,3.7
9/2011 - 11/2011,Female,11.4,4.0,2.1,2.2,2.7,1.3,2.7
9/2011 - 11/2011,Both sexes,14.0,4.9,2.4,2.4,3.5,2.0,3.2
10/2011 - 12/2011,Male,16.6,5.7,3.0,2.7,3.9,1.8,3.7
10/2011 - 12/2011,Female,5.5,3.8,1.7,2.1,2.7,2.9,2.5
10/2011 - 12/2011,Both sexes,11.1,4.7,2.3,2.4,3.4,2.1,3.1
11/2011 - 1/2012,Male,14.8,5.5,3.1,2.9,3.4,2.0,3.6
11/2011 - 1/2012,Female,3.7,3.7,1.6,2.2,2.2,2.8,2.4
11/2011 - 1/2012,Both sexes,9.6,4.6,2.3,2.6,2.9,2.2,3.0
12/2011 - 2/2012,Male,14.8,6.1,2.9,3.1,3.6,2.7,3.8
12/2011 - 2/2012,Female,7.5,3.7,1.6,2.4,2.3,3.2,2.5
12/2011 - 2/2012,Both sexes,11.6,4.8,2.2,2.7,3.0,2.8,3.2
1/2012 - 3/2012,Male,14.3,6.1,3.1,3.3,3.8,3.1,4.0
1/2012 - 3/2012,Female,9.2,3.7,1.8,2.4,2.1,1.7,2.5
1/2012 - 3/2012,Both sexes,12.2,4.8,2.4,2.8,3.1,2.7,3.3
2/2012 - 4/2012,Male,14.6,6.2,3.0,3.3,3.6,2.6,3.9
2/2012 - 4/2012,Female,11.8,3.8,1.9,2.6,2.5,1.7,2.7
2/2012 - 4/2012,Both sexes,13.3,4.9,2.4,2.9,3.2,2.4,3.3
3/2012 - 5/2012,Male,14.3,6.1,3.1,3.3,3.3,2.4,3.8
3/2012 - 5/2012,Female,13.9,4.0,2.0,2.5,2.5,0.8,2.7
3/2012 - 5/2012,Both sexes,14.1,5.0,2.5,2.9,3.0,1.9,3.3
4/2012 - 6/2012,Male,15.7,6.9,3.0,3.0,3.1,2.1,3.8
4/2012 - 6/2012,Female,14.1,4.6,1.9,2.8,2.3,1.0,2.9
4/2012 - 6/2012,Both sexes,14.9,5.7,2.4,2.9,2.8,1.8,3.4
5/2012 - 7/2012,Male,16.1,6.8,3.4,2.5,3.3,2.4,3.8
5/2012 - 7/2012,Female,13.7,4.9,1.9,2.7,2.2,0.9,3.0
5/2012 - 7/2012,Both sexes,15.0,5.8,2.6,2.6,2.8,2.0,3.4
6/2012 - 8/2012,Male,14.7,7.3,3.1,2.6,3.2,1.9,3.8
6/2012 - 8/2012,Female,13.6,5.1,1.9,2.8,2.5,0.9,3.1
6/2012 - 8/2012,Both sexes,14.1,6.1,2.5,2.7,2.9,1.6,3.4
7/2012 - 9/2012,Male,15.4,7.5,3.2,2.7,3.2,1.7,3.8
7/2012 - 9/2012,Female,15.1,4.9,2.1,2.7,2.5,1.1,3.1
7/2012 - 9/2012,Both sexes,15.3,6.1,2.6,2.7,2.9,1.5,3.5
8/2012 - 10/2012,Male,16.1,7.3,2.6,3.0,3.4,1.3,3.8
8/2012 - 10/2012,Female,13.4,4.8,2.1,2.7,2.6,0.9,3.0
8/2012 - 10/2012,Both sexes,14.8,6.0,2.3,2.8,3.1,1.2,3.4
9/2012 - 11/2012,Male,17.4,6.6,2.8,3.3,3.6,1.9,3.9
9/2012 - 11/2012,Female,11.5,4.2,2.1,2.4,2.3,1.2,2.8
9/2012 - 11/2012,Both sexes,14.5,5.3,2.4,2.9,3.1,1.7,3.3
10/2012 - 12/2012,Male,16.0,5.9,2.5,3.3,3.6,1.9,3.7
10/2012 - 12/2012,Female,8.2,3.5,1.8,2.2,2.2,1.3,2.4
10/2012 - 12/2012,Both sexes,12.3,4.6,2.1,2.8,3.1,1.7,3.1
11/2012 - 1/2013,Male,15.1,5.7,2.7,3.8,3.5,2.6,3.8
11/2012 - 1/2013,Female,7.6,3.3,1.8,2.4,2.7,1.8,2.5
11/2012 - 1/2013,Both sexes,11.5,4.4,2.2,3.1,3.2,2.4,3.2
12/2012 - 2/2013,Male,16.8,5.7,2.5,3.6,3.7,2.3,3.8
12/2012 - 2/2013,Female,8.1,3.4,2.0,2.6,2.9,1.6,2.7
12/2012 - 2/2013,Both sexes,12.8,4.5,2.2,3.1,3.4,2.1,3.3
1/2013 - 3/2013,Male,16.4,6.4,2.4,3.9,3.9,2.8,4.0
1/2013 - 3/2013,Female,10.4,3.5,2.3,2.9,3.0,1.2,2.9
1/2013 - 3/2013,Both sexes,13.5,4.8,2.4,3.4,3.6,2.3,3.5
2/2013 - 4/2013,Male,19.0,6.7,2.6,3.6,4.0,2.1,4.1
2/2013 - 4/2013,Female,14.0,3.9,2.5,2.5,2.7,1.4,2.9
2/2013 - 4/2013,Both sexes,16.6,5.2,2.6,3.1,3.5,1.9,3.5
3/2013 - 5/2013,Male,18.2,6.5,2.9,3.4,3.9,2.5,4.0
3/2013 - 5/2013,Female,13.6,4.0,2.4,2.7,2.5,1.5,3.0
3/2013 - 5/2013,Both sexes,15.9,5.2,2.6,3.1,3.3,2.2,3.5
4/2013 - 6/2013,Male,22.8,6.5,2.7,3.0,3.5,2.5,3.8
4/2013 - 6/2013,Female,14.7,4.5,2.3,2.5,2.6,2.8,3.0
4/2013 - 6/2013,Both sexes,18.7,5.4,2.5,2.7,3.1,2.6,3.5
5/2013 - 7/2013,Male,21.7,7.3,2.5,2.7,3.6,2.6,3.9
5/2013 - 7/2013,Female,14.6,5.0,2.1,2.4,2.6,2.2,3.1
5/2013 - 7/2013,Both sexes,18.1,6.1,2.3,2.6,3.2,2.5,3.5
6/2013 - 8/2013,Male,20.4,7.8,2.5,2.7,3.0,2.4,3.8
6/2013 - 8/2013,Female,10.6,5.5,2.2,2.4,2.6,2.7,3.2
6/2013 - 8/2013,Both sexes,15.5,6.6,2.4,2.6,2.8,2.5,3.5
7/2013 - 9/2013,Male,19.2,7.7,2.8,2.9,2.9,1.9,3.8
7/2013 - 9/2013,Female,11.1,5.5,1.9,2.4,2.6,2.6,3.1
7/2013 - 9/2013,Both sexes,15.2,6.5,2.3,2.7,2.8,2.1,3.5
8/2013 - 10/2013,Male,17.5,7.7,2.7,2.8,2.7,1.9,3.7
8/2013 - 10/2013,Female,11.2,5.0,1.9,2.6,2.5,3.0,3.0
8/2013 - 10/2013,Both sexes,14.3,6.3,2.3,2.7,2.6,2.2,3.4
9/2013 - 11/2013,Male,15.6,7.4,2.6,2.9,3.1,2.1,3.7
9/2013 - 11/2013,Female,14.1,4.8,1.6,2.6,2.5,2.6,2.9
9/2013 - 11/2013,Both sexes,14.8,6.0,2.1,2.7,2.9,2.2,3.3
10/2013 - 12/2013,Male,12.0,6.7,2.2,2.8,3.2,2.1,3.5
10/2013 - 12/2013,Female,11.1,4.4,1.5,2.5,2.1,1.7,2.6
10/2013 - 12/2013,Both sexes,11.5,5.5,1.8,2.7,2.8,2.0,3.1
11/2013 - 1/2014,Male,12.4,5.7,2.2,2.9,3.3,2.5,3.4
11/2013 - 1/2014,Female,8.3,3.8,1.5,2.4,2.2,2.1,2.5
11/2013 - 1/2014,Both sexes,10.4,4.7,1.8,2.7,2.9,2.4,2.9
12/2013 - 2/2014,Male,14.2,5.6,2.5,3.1,3.4,2.6,3.5
12/2013 - 2/2014,Female,6.1,3.5,1.4,2.3,2.1,1.9,2.3
12/2013 - 2/2014,Both sexes,10.1,4.5,1.9,2.7,2.9,2.4,2.9
1/2014 - 3/2014,Male,14.3,5.9,2.8,3.2,3.4,3.2,3.7
1/2014 - 3/2014,Female,6.2,3.4,1.7,2.4,2.6,2.1,2.5
1/2014 - 3/2014,Both sexes,10.1,4.6,2.2,2.8,3.1,2.9,3.1
2/2014 - 4/2014,Male,11.8,5.9,2.8,3.4,3.3,3.0,3.7
2/2014 - 4/2014,Female,6.2,3.6,2.1,2.5,2.5,2.5,2.7
2/2014 - 4/2014,Both sexes,8.8,4.6,2.4,3.0,3.0,2.9,3.2
3/2014 - 5/2014,Male,11.3,5.9,2.2,3.2,3.5,2.9,3.6
3/2014 - 5/2014,Female,10.4,3.4,2.2,2.7,2.7,2.6,2.8
3/2014 - 5/2014,Both sexes,10.8,4.6,2.2,2.9,3.1,2.8,3.2
4/2014 - 6/2014,Male,12.6,6.1,2.0,3.1,3.4,3.1,3.5
4/2014 - 6/2014,Female,16.0,4.4,2.3,2.9,2.5,2.3,3.1
4/2014 - 6/2014,Both sexes,14.4,5.2,2.1,3.0,3.0,2.9,3.3
5/2014 - 7/2014,Male,12.6,7.1,2.5,2.8,3.1,3.0,3.7
5/2014 - 7/2014,Female,18.0,5.5,2.2,2.7,2.5,1.6,3.2
5/2014 - 7/2014,Both sexes,15.4,6.2,2.3,2.7,2.9,2.6,3.5
6/2014 - 8/2014,Male,10.7,7.9,2.6,2.6,2.6,3.0,3.7
6/2014 - 8/2014,Female,15.3,6.3,2.2,2.5,2.4,2.0,3.4
6/2014 - 8/2014,Both sexes,13.1,7.0,2.4,2.6,2.5,2.7,3.5
7/2014 - 9/2014,Male,10.9,7.5,2.6,2.7,2.8,2.7,3.7
7/2014 - 9/2014,Female,13.6,5.8,2.3,2.4,2.6,2.4,3.3
7/2014 - 9/2014,Both sexes,12.3,6.6,2.4,2.5,2.7,2.6,3.5
8/2014 - 10/2014,Male,12.6,6.8,2.1,2.8,3.1,3.3,3.6
8/2014 - 10/2014,Female,12.6,5.2,2.0,2.5,2.9,2.5,3.2
8/2014 - 10/2014,Both sexes,12.6,6.0,2.1,2.7,3.0,3.1,3.4
9/2014 - 11/2014,Male,14.6,6.1,2.0,2.7,3.0,3.6,3.5
9/2014 - 11/2014,Female,11.5,4.8,1.8,2.7,3.4,2.5,3.1
9/2014 - 11/2014,Both sexes,13.1,5.5,1.9,2.7,3.2,3.3,3.3
10/2014 - 12/2014,Male,14.5,6.1,2.0,2.6,2.7,3.4,3.3
10/2014 - 12/2014,Female,9.2,4.7,1.7,2.7,3.3,2.2,3.0
10/2014 - 12/2014,Both sexes,11.8,5.3,1.8,2.6,2.9,3.0,3.1
11/2014 - 1/2015,Male,12.9,6.2,2.1,2.5,2.5,3.1,3.2
11/2014 - 1/2015,Female,11.9,4.5,1.7,2.8,2.9,2.1,2.9
11/2014 - 1/2015,Both sexes,12.3,5.3,1.9,2.6,2.7,2.8,3.1
12/2014 - 2/2015,Male,17.3,5.9,2.1,2.7,2.3,3.1,3.2
12/2014 - 2/2015,Female,12.6,4.1,1.9,3.0,3.0,1.9,3.0
12/2014 - 2/2015,Both sexes,14.9,5.0,2.0,2.8,2.6,2.7,3.1
1/2015 - 3/2015,Male,18.4,5.9,2.1,3.2,2.7,3.8,3.5
1/2015 - 3/2015,Female,10.1,4.1,1.7,3.3,3.0,1.4,3.0
1/2015 - 3/2015,Both sexes,13.9,4.9,1.9,3.2,2.8,3.1,3.2
2/2015 - 4/2015,Male,18.7,5.1,2.1,3.0,3.0,3.9,3.4
2/2015 - 4/2015,Female,12.0,4.3,2.0,3.1,3.3,2.0,3.1
2/2015 - 4/2015,Both sexes,15.2,4.7,2.0,3.1,3.1,3.3,3.3
3/2015 - 5/2015,Male,14.1,5.3,2.3,3.1,3.0,3.4,3.4
3/2015 - 5/2015,Female,13.9,5.1,1.9,2.6,3.2,1.7,3.1
3/2015 - 5/2015,Both sexes,14.0,5.2,2.1,2.9,3.1,2.9,3.3
4/2015 - 6/2015,Male,16.1,6.0,2.3,2.7,2.6,2.4,3.3
4/2015 - 6/2015,Female,18.7,5.9,1.9,2.4,3.2,2.4,3.4
4/2015 - 6/2015,Both sexes,17.4,5.9,2.1,2.6,2.8,2.4,3.3
5/2015 - 7/2015,Male,16.4,7.2,2.3,2.6,2.7,1.7,3.4
5/2015 - 7/2015,Female,19.2,6.3,1.8,2.4,3.0,1.8,3.4
5/2015 - 7/2015,Both sexes,17.8,6.7,2.0,2.5,2.8,1.7,3.4
6/2015 - 8/2015,Male,17.1,7.7,2.3,2.5,2.8,1.8,3.6
6/2015 - 8/2015,Female,16.8,6.2,2.0,2.9,2.7,1.6,3.4
6/2015 - 8/2015,Both sexes,17.0,6.9,2.1,2.7,2.8,1.8,3.5
7/2015 - 9/2015,Male,14.6,7.6,2.4,2.5,3.0,2.3,3.6
7/2015 - 9/2015,Female,13.4,6.4,2.0,2.8,2.6,1.4,3.4
7/2015 - 9/2015,Both sexes,14.0,7.0,2.2,2.7,2.8,2.0,3.5
8/2015 - 10/2015,Male,11.7,7.0,2.3,2.7,2.8,2.6,3.5
8/2015 - 10/2015,Female,9.7,6.3,2.3,3.0,2.4,1.5,3.4
8/2015 - 10/2015,Both sexes,10.8,6.6,2.3,2.9,2.7,2.2,3.4
9/2015 - 11/2015,Male,11.5,6.9,2.0,2.6,2.8,3.0,3.4
9/2015 - 11/2015,Female,8.3,5.9,2.4,2.9,2.5,2.2,3.3
9/2015 - 11/2015,Both sexes,10.0,6.3,2.2,2.7,2.7,2.7,3.3
10/2015 - 12/2015,Male,11.4,6.2,1.9,2.6,3.0,2.7,3.3
10/2015 - 12/2015,Female,6.7,4.9,2.3,2.7,2.7,2.0,3.0
10/2015 - 12/2015,Both sexes,9.1,5.5,2.2,2.7,2.8,2.5,3.2
11/2015 - 1/2016,Male,18.3,5.9,1.9,2.5,3.2,2.5,3.3
11/2015 - 1/2016,Female,6.9,4.6,2.1,2.8,2.7,1.8,2.9
11/2015 - 1/2016,Both sexes,12.6,5.2,2.0,2.6,3.0,2.3,3.1
12/2015 - 2/2016,Male,19.7,6.1,2.1,2.4,3.5,2.0,3.4
12/2015 - 2/2016,Female,10.0,4.7,1.7,2.8,2.8,1.2,2.9
12/2015 - 2/2016,Both sexes,15.0,5.3,1.9,2.6,3.2,1.7,3.1
1/2016 - 3/2016,Male,19.1,6.0,2.2,2.9,3.8,2.5,3.7
1/2016 - 3/2016,Female,10.6,4.8,1.8,3.0,2.9,1.6,3.0
1/2016 - 3/2016,Both sexes,15.0,5.4,2.0,3.0,3.4,2.2,3.3
2/2016 - 4/2016,Male,17.7,6.6,2.5,3.1,3.7,2.8,3.8
2/2016 - 4/2016,Female,12.4,4.5,1.9,2.9,3.1,2.4,3.0
2/2016 - 4/2016,Both sexes,15.1,5.5,2.2,3.0,3.5,2.7,3.4
3/2016 - 5/2016,Male,17.2,6.2,2.6,3.3,3.4,3.5,3.8
3/2016 - 5/2016,Female,12.6,4.0,1.9,3.1,3.3,2.9,3.1
3/2016 - 5/2016,Both sexes,15.0,5.0,2.2,3.2,3.4,3.3,3.5
4/2016 - 6/2016,Male,18.9,7.0,2.4,3.1,3.0,3.3,3.8
4/2016 - 6/2016,Female,14.5,4.9,2.0,2.8,3.3,2.4,3.2
4/2016 - 6/2016,Both sexes,16.9,5.9,2.2,3.0,3.1,3.0,3.5
5/2016 - 7/2016,Male,17.5,7.7,2.8,3.0,2.8,2.8,3.9
5/2016 - 7/2016,Female,12.3,5.5,1.9,2.8,3.0,1.8,3.2
5/2016 - 7/2016,Both sexes,15.3,6.5,2.3,2.9,2.9,2.5,3.5
6/2016 - 8/2016,Male,15.6,8.2,2.8,3.0,3.0,2.0,4.0
6/2016 - 8/2016,Female,10.4,6.1,2.2,2.5,2.7,2.1,3.2
6/2016 - 8/2016,Both sexes,13.5,7.1,2.5,2.7,2.9,2.0,3.6
7/2016 - 9/2016,Male,13.7,8.0,3.0,2.9,3.3,1.9,3.9
7/2016 - 9/2016,Female,9.5,5.7,2.1,2.7,2.8,1.9,3.2
7/2016 - 9/2016,Both sexes,11.9,6.8,2.5,2.8,3.1,1.9,3.6
8/2016 - 10/2016,Male,12.7,7.6,2.8,2.7,3.4,1.8,3.8
8/2016 - 10/2016,Female,8.4,5.0,2.4,2.8,2.9,2.1,3.2
8/2016 - 10/2016,Both sexes,10.7,6.2,2.6,2.8,3.2,1.9,3.5
9/2016 - 11/2016,Male,13.2,7.2,2.6,2.7,3.2,2.1,3.6
9/2016 - 11/2016,Female,8.8,4.9,2.1,2.8,3.1,1.7,3.1
9/2016 - 11/2016,Both sexes,10.9,6.0,2.4,2.7,3.2,2.0,3.4
10/2016 - 12/2016,Male,14.3,7.1,2.5,2.5,3.0,1.9,3.4
10/2016 - 12/2016,Female,9.1,4.4,2.2,2.4,2.5,2.0,2.8
10/2016 - 12/2016,Both sexes,11.6,5.6,2.4,2.4,2.8,1.9,3.1
11/2016 - 1/2017,Male,11.3,6.8,2.2,2.6,2.9,2.0,3.3
11/2016 - 1/2017,Female,7.9,4.6,2.0,2.3,3.1,1.7,2.8
11/2016 - 1/2017,Both sexes,9.6,5.6,2.1,2.5,3.0,1.9,3.1
12/2016 - 2/2017,Male,10.4,7.0,2.4,2.6,3.1,2.2,3.4
12/2016 - 2/2017,Female,9.1,4.0,1.9,2.6,2.9,1.1,2.7
12/2016 - 2/2017,Both sexes,9.8,5.4,2.1,2.6,3.0,1.9,3.1
1/2017 - 3/2017,Male,13.2,6.5,2.5,2.7,3.5,2.7,3.6
1/2017 - 3/2017,Female,10.5,4.3,1.9,2.5,3.3,1.2,2.8
1/2017 - 3/2017,Both sexes,11.9,5.4,2.1,2.6,3.4,2.2,3.2
2/2017 - 4/2017,Male,12.9,6.3,2.7,2.8,3.4,2.8,3.6
2/2017 - 4/2017,Female,8.1,4.4,2.0,2.6,3.2,1.6,2.9
2/2017 - 4/2017,Both sexes,10.6,5.3,2.3,2.7,3.3,2.4,3.2
3/2017 - 5/2017,Male,14.3,6.3,2.6,2.9,3.3,3.0,3.6
3/2017 - 5/2017,Female,9.6,4.5,2.1,2.5,3.0,2.1,2.9
3/2017 - 5/2017,Both sexes,12.0,5.4,2.3,2.7,3.2,2.7,3.2
4/2017 - 6/2017,Male,14.9,6.4,2.4,3.0,3.0,2.6,3.5
4/2017 - 6/2017,Female,11.1,4.6,2.1,2.7,2.4,2.4,2.9
4/2017 - 6/2017,Both sexes,13.0,5.4,2.2,2.8,2.8,2.5,3.2
5/2017 - 7/2017,Male,16.0,7.3,2.3,2.8,3.2,2.3,3.6
5/2017 - 7/2017,Female,13.2,5.2,2.1,2.6,2.1,2.9,3.0
5/2017 - 7/2017,Both sexes,14.6,6.2,2.2,2.7,2.7,2.5,3.3
6/2017 - 8/2017,Male,12.9,7.5,2.5,2.6,2.9,2.0,3.5
6/2017 - 8/2017,Female,12.5,5.8,2.2,2.7,1.8,2.8,3.1
6/2017 - 8/2017,Both sexes,12.7,6.7,2.3,2.6,2.4,2.3,3.3
7/2017 - 9/2017,Male,9.6,7.7,2.7,2.6,2.7,2.1,3.5
7/2017 - 9/2017,Female,10.7,6.3,1.7,2.5,2.0,2.8,3.0
7/2017 - 9/2017,Both sexes,10.2,7.0,2.2,2.5,2.4,2.4,3.3
8/2017 - 10/2017,Male,10.3,6.6,2.4,2.4,2.7,2.7,3.3
8/2017 - 10/2017,Female,12.7,5.9,1.7,2.4,2.5,2.4,3.0
8/2017 - 10/2017,Both sexes,11.6,6.3,2.0,2.4,2.6,2.6,3.1
9/2017 - 11/2017,Male,11.2,6.5,2.4,2.3,2.9,2.4,3.3
9/2017 - 11/2017,Female,9.4,5.3,1.6,2.1,2.3,2.4,2.7
9/2017 - 11/2017,Both sexes,10.2,5.9,2.0,2.2,2.7,2.4,3.0
10/2017 - 12/2017,Male,11.8,5.8,1.9,2.1,3.0,2.1,3.0
10/2017 - 12/2017,Female,9.9,4.8,1.8,2.0,2.2,1.9,2.6
10/2017 - 12/2017,Both sexes,10.8,5.3,1.9,2.1,2.6,2.0,2.8
11/2017 - 1/2018,Male,12.5,6.3,2.3,2.3,2.7,1.9,3.1
11/2017 - 1/2018,Female,8.1,3.9,1.6,1.8,2.0,1.3,2.2
11/2017 - 1/2018,Both sexes,10.2,5.0,1.9,2.0,2.4,1.7,2.7
12/2017 - 2/2018,Male,10.8,6.2,2.4,2.1,2.8,1.9,3.1
12/2017 - 2/2018,Female,9.1,3.9,1.7,1.9,2.0,1.2,2.3
12/2017 - 2/2018,Both sexes,9.9,5.0,2.0,2.0,2.4,1.7,2.7
1/2018 - 3/2018,Male,10.9,6.6,2.4,2.4,2.9,2.5,3.3
1/2018 - 3/2018,Female,8.5,4.2,1.6,1.9,2.2,1.2,2.3
1/2018 - 3/2018,Both sexes,9.6,5.3,1.9,2.1,2.6,2.0,2.8
2/2018 - 4/2018,Male,8.5,6.0,2.3,2.4,3.0,2.2,3.2
2/2018 - 4/2018,Female,8.4,4.6,1.8,2.2,2.0,1.7,2.5
2/2018 - 4/2018,Both sexes,8.4,5.3,2.0,2.3,2.5,2.0,2.8
3/2018 - 5/2018,Male,11.4,6.1,2.1,2.6,3.2,1.9,3.2
3/2018 - 5/2018,Female,9.3,4.3,1.7,2.2,2.2,1.4,2.5
3/2018 - 5/2018,Both sexes,10.3,5.2,1.9,2.4,2.7,1.7,2.8
4/2018 - 6/2018,Male,12.8,6.2,2.4,2.6,2.9,1.7,3.2
4/2018 - 6/2018,Female,11.8,4.5,1.8,1.8,2.1,2.0,2.5
4/2018 - 6/2018,Both sexes,12.2,5.3,2.1,2.2,2.5,1.8,2.8
5/2018 - 7/2018,Male,13.6,6.8,2.5,2.5,2.7,1.7,3.2
5/2018 - 7/2018,Female,11.7,4.9,1.8,1.8,2.0,1.6,2.5
5/2018 - 7/2018,Both sexes,12.6,5.8,2.1,2.1,2.4,1.7,2.9
6/2018 - 8/2018,Male,13.2,7.0,2.4,2.6,2.3,2.2,3.3
6/2018 - 8/2018,Female,11.4,5.6,1.7,1.8,1.9,1.7,2.6
6/2018 - 8/2018,Both sexes,12.2,6.3,2.0,2.2,2.1,2.0,2.9
7/2018 - 9/2018,Male,12.3,7.3,2.2,2.5,2.5,2.3,3.3
7/2018 - 9/2018,Female,9.3,5.5,1.5,2.1,2.0,1.7,2.6
7/2018 - 9/2018,Both sexes,10.6,6.3,1.8,2.3,2.3,2.1,2.9
8/2018 - 10/2018,Male,13.3,7.1,2.2,2.8,2.8,2.5,3.4
8/2018 - 10/2018,Female,7.3,4.9,1.3,1.9,2.1,1.8,2.4
8/2018 - 10/2018,Both sexes,10.1,5.9,1.7,2.3,2.5,2.3,2.9
9/2018 - 11/2018,Male,12.5,6.3,2.3,2.5,2.9,2.4,3.2
9/2018 - 11/2018,Female,5.0,4.5,1.5,1.9,2.3,1.5,2.3
9/2018 - 11/2018,Both sexes,8.5,5.3,1.8,2.2,2.6,2.1,2.8
10/2018 - 12/2018,Male,10.9,6.1,2.2,2.3,3.0,2.1,3.1
10/2018 - 12/2018,Female,7.1,3.9,1.5,1.9,2.0,1.3,2.2
10/2018 - 12/2018,Both sexes,9.0,5.0,1.8,2.1,2.5,1.9,2.7
11/2018 - 1/2019,Male,8.2,6.5,1.9,2.2,2.9,2.3,3.1
11/2018 - 1/2019,Female,8.2,3.6,1.4,1.5,2.1,1.6,2.1
11/2018 - 1/2019,Both sexes,8.2,5.0,1.6,1.8,2.5,2.0,2.6
12/2018 - 2/2019,Male,6.5,6.8,1.8,2.3,2.9,2.6,3.1
12/2018 - 2/2019,Female,10.9,3.2,1.3,1.7,2.1,2.0,2.0
12/2018 - 2/2019,Both sexes,8.8,4.9,1.5,2.0,2.5,2.4,2.6
1/2019 - 3/2019,Male,7.4,6.6,2.5,2.7,3.3,2.6,3.4
1/2019 - 3/2019,Female,7.8,3.5,1.6,1.7,1.9,2.0,2.1
1/2019 - 3/2019,Both sexes,7.6,5.0,2.0,2.2,2.6,2.4,2.8
2/2019 - 4/2019,Male,8.1,6.1,2.5,2.8,3.1,2.7,3.4
2/2019 - 4/2019,Female,7.2,3.5,1.9,2.1,1.8,2.1,2.2
2/2019 - 4/2019,Both sexes,7.7,4.7,2.2,2.4,2.5,2.5,2.8
3/2019 - 5/2019,Male,10.9,6.4,2.8,2.9,3.2,2.6,3.5
3/2019 - 5/2019,Female,5.1,3.7,1.9,1.9,1.7,1.6,2.2
3/2019 - 5/2019,Both sexes,8.0,5.0,2.3,2.3,2.5,2.2,2.9
4/2019 - 6/2019,Male,12.3,6.7,2.5,2.7,3.2,2.5,3.5
4/2019 - 6/2019,Female,8.0,3.8,1.7,2.0,1.9,1.4,2.2
4/2019 - 6/2019,Both sexes,10.1,5.2,2.1,2.4,2.6,2.1,2.9
5/2019 - 7/2019,Male,14.9,7.1,2.9,2.8,3.1,2.3,3.6
5/2019 - 7/2019,Female,9.9,4.4,1.9,1.8,1.9,1.4,2.3
5/2019 - 7/2019,Both sexes,12.4,5.7,2.3,2.3,2.5,2.0,3.0
6/2019 - 8/2019,Male,16.2,7.2,2.8,2.9,2.9,2.0,3.6
6/2019 - 8/2019,Female,11.7,4.8,2.0,1.8,1.9,1.3,2.4
6/2019 - 8/2019,Both sexes,14.0,5.9,2.4,2.3,2.4,1.8,3.0
7/2019 - 9/2019,Male,14.4,7.2,2.7,2.3,3.0,2.4,3.5
7/2019 - 9/2019,Female,9.5,4.7,2.0,1.9,2.1,1.8,2.5
7/2019 - 9/2019,Both sexes,12.1,5.9,2.3,2.1,2.6,2.2,3.0
8/2019 - 10/2019,Male,13.9,7.4,2.7,2.3,3.6,2.9,3.7
8/2019 - 10/2019,Female,8.0,5.1,1.8,2.1,2.1,1.8,2.6
8/2019 - 10/2019,Both sexes,11.0,6.2,2.2,2.2,2.9,2.5,3.1
9/2019 - 11/2019,Male,12.2,7.0,2.6,2.3,3.9,3.3,3.7
9/2019 - 11/2019,Female,7.7,5.0,1.6,2.1,2.2,2.3,2.6
9/2019 - 11/2019,Both sexes,10.0,6.0,2.1,2.2,3.1,3.0,3.1
10/2019 - 12/2019,Male,13.4,6.7,2.8,2.9,3.8,3.1,3.8
10/2019 - 12/2019,Female,7.3,5.0,1.7,1.7,2.3,2.0,2.5
10/2019 - 12/2019,Both sexes,10.4,5.8,2.2,2.3,3.1,2.7,3.1
11/2019 - 1/2020,Male,15.9,6.1,2.7,3.2,3.7,2.9,3.7
11/2019 - 1/2020,Female,8.0,4.9,1.7,1.8,2.1,2.5,2.5
11/2019 - 1/2020,Both sexes,12.2,5.5,2.2,2.5,2.9,2.7,3.1
12/2019 - 2/2020,Male,16.1,7.1,3.3,3.9,4.1,3.1,4.3
12/2019 - 2/2020,Female,6.9,5.2,1.7,2.4,2.5,2.9,2.8
12/2019 - 2/2020,Both sexes,11.7,6.1,2.4,3.1,3.4,3.1,3.5
1/2020 - 3/2020,Male,16.4,7.8,4.0,4.5,4.9,4.0,5.0
1/2020 - 3/2020,Female,9.4,6.0,2.3,3.3,3.1,3.5,3.5
1/2020 - 3/2020,Both sexes,12.9,6.8,3.0,3.8,4.1,3.8,4.2
2/2020 - 4/2020,Male,13.6,9.4,5.2,5.2,5.9,4.9,6.0
2/2020 - 4/2020,Female,11.2,6.9,3.2,3.7,4.9,3.9,4.4
2/2020 - 4/2020,Both sexes,12.4,8.1,4.1,4.4,5.4,4.5,5.2
3/2020 - 5/2020,Male,18.2,10.7,5.9,5.6,7.3,6.0,6.9
3/2020 - 5/2020,Female,13.4,7.9,3.8,4.1,5.4,4.2,5.0
3/2020 - 5/2020,Both sexes,16.0,9.2,4.7,4.8,6.4,5.4,6.0
4/2020 - 6/2020,Male,19.8,11.7,6.0,5.6,7.7,6.5,7.3
4/2020 - 6/2020,Female,17.5,8.3,3.7,4.2,5.7,4.7,5.2
4/2020 - 6/2020,Both sexes,18.7,9.9,4.7,4.8,6.7,5.9,6.2
5/2020 - 7/2020,Male,23.4,12.8,5.6,5.7,8.5,6.3,7.6
5/2020 - 7/2020,Female,23.5,8.2,3.5,4.1,4.9,4.2,4.9
5/2020 - 7/2020,Both sexes,23.5,10.4,4.4,4.8,6.7,5.6,6.2
6/2020 - 8/2020,Male,27.5,13.8,5.6,5.5,8.0,6.1,7.6
6/2020 - 8/2020,Female,23.1,9.4,3.7,4.0,4.7,4.3,5.1
6/2020 - 8/2020,Both sexes,25.2,11.5,4.6,4.7,6.4,5.5,6.4
7/2020 - 9/2020,Male,29.2,13.8,5.9,5.7,8.4,5.9,7.8
7/2020 - 9/2020,Female,22.9,10.1,3.7,4.1,4.9,4.1,5.3
7/2020 - 9/2020,Both sexes,26.0,11.9,4.7,4.9,6.7,5.3,6.5
8/2020 - 10/2020,Male,26.4,13.8,5.6,5.8,8.3,6.4,7.8
8/2020 - 10/2020,Female,17.7,10.1,3.6,4.2,5.1,4.3,5.3
8/2020 - 10/2020,Both sexes,22.2,11.9,4.5,4.9,6.7,5.6,6.5
9/2020 - 11/2020,Male,22.1,13.3,5.0,6.0,8.3,6.1,7.5
9/2020 - 11/2020,Female,12.7,8.7,3.7,3.8,5.0,3.4,4.8
9/2020 - 11/2020,Both sexes,17.5,10.9,4.3,4.8,6.7,5.1,6.2
10/2020 - 12/2020,Male,22.5,13.8,4.8,6.2,8.2,5.9,7.6
10/2020 - 12/2020,Female,12.7,8.7,4.1,3.7,4.8,4.7,5.0
10/2020 - 12/2020,Both sexes,17.9,11.2,4.4,4.9,6.6,5.5,6.3
11/2020 - 1/2021,Male,24.0,12.9,5.5,6.7,8.5,6.0,7.8
11/2020 - 1/2021,Female,8.6,8.6,4.0,4.1,5.7,4.9,5.3
11/2020 - 1/2021,Both sexes,16.9,10.7,4.7,5.3,7.2,5.6,6.5
12/2020 - 2/2021,Male,22.4,11.8,5.6,6.9,8.8,6.7,7.8
12/2020 - 2/2021,Female,11.6,9.3,4.3,4.4,6.0,5.4,5.6
12/2020 - 2/2021,Both sexes,17.6,10.5,4.9,5.5,7.4,6.2,6.7
1/2021 - 3/2021,Male,19.1,10.7,6.0,6.7,9.1,7.5,7.9
1/2021 - 3/2021,Female,13.1,8.1,4.5,4.5,6.3,5.1,5.6
1/2021 - 3/2021,Both sexes,16.3,9.3,5.2,5.5,7.7,6.7,6.7
2/2021 - 4/2021,Male,22.4,10.7,5.9,6.3,8.0,7.1,7.5
2/2021 - 4/2021,Female,11.7,7.8,4.4,4.6,5.5,5.4,5.4
2/2021 - 4/2021,Both sexes,17.0,9.2,5.1,5.4,6.8,6.5,6.4
3/2021 - 5/2021,Male,21.0,10.9,6.1,5.8,7.4,6.8,7.2
3/2021 - 5/2021,Female,7.6,6.5,3.7,4.2,5.9,4.8,4.9
3/2021 - 5/2021,Both sexes,14.0,8.6,4.8,5.0,6.7,6.1,6.0
4/2021 - 6/2021,Male,22.9,10.8,5.6,5.5,6.4,5.8,6.6
4/2021 - 6/2021,Female,13.8,6.2,3.1,4.1,5.4,3.5,4.4
4/2021 - 6/2021,Both sexes,18.1,8.4,4.2,4.7,5.9,4.9,5.5
5/2021 - 7/2021,Male,21.3,10.7,5.2,5.6,6.2,4.9,6.4
5/2021 - 7/2021,Female,15.2,6.7,2.9,3.1,4.3,2.9,3.9
5/2021 - 7/2021,Both sexes,18.2,8.6,3.9,4.3,5.3,4.1,5.1
6/2021 - 8/2021,Male,20.6,10.6,4.7,4.8,5.7,4.0,5.9
6/2021 - 8/2021,Female,18.6,7.1,2.9,2.9,3.9,3.0,3.9
6/2021 - 8/2021,Both sexes,19.6,8.8,3.7,3.8,4.8,3.7,4.9
7/2021 - 9/2021,Male,18.0,10.9,4.3,4.5,4.9,3.9,5.5
7/2021 - 9/2021,Female,15.1,7.4,2.9,2.8,3.6,3.0,3.8
7/2021 - 9/2021,Both sexes,16.5,9.1,3.5,3.6,4.3,3.6,4.7
8/2021 - 10/2021,Male,15.1,10.0,4.0,4.0,4.7,3.8,5.1
8/2021 - 10/2021,Female,15.9,6.4,2.9,3.0,3.6,3.3,3.8
8/2021 - 10/2021,Both sexes,15.5,8.2,3.4,3.5,4.2,3.6,4.5
9/2021 - 11/2021,Male,14.6,8.8,3.8,4.1,4.5,3.8,4.8
9/2021 - 11/2021,Female,12.2,5.7,2.6,3.0,3.2,3.3,3.5
9/2021 - 11/2021,Both sexes,13.2,7.2,3.2,3.5,3.9,3.6,4.1
10/2021 - 12/2021,Male,16.2,7.3,3.5,3.7,4.4,3.5,4.4
10/2021 - 12/2021,Female,8.8,5.0,2.5,2.8,3.1,2.7,3.2
10/2021 - 12/2021,Both sexes,11.9,6.1,3.0,3.2,3.7,3.2,3.8
11/2021 - 1/2022,Male,14.4,6.5,3.3,3.5,4.4,3.8,4.2
11/2021 - 1/2022,Female,8.0,4.7,2.1,2.5,3.2,2.6,3.0
11/2021 - 1/2022,Both sexes,10.7,5.6,2.7,3.0,3.8,3.4,3.6
12/2021 - 2/2022,Male,16.7,6.7,4.0,4.2,5.5,4.4,4.9
12/2021 - 2/2022,Female,13.4,5.2,2.5,3.3,3.8,3.1,3.5
12/2021 - 2/2022,Both sexes,14.8,6.0,3.2,3.7,4.7,3.9,4.2
1/2022 - 3/2022,Male,16.5,8.4,4.7,4.9,6.8,5.5,6.0
1/2022 - 3/2022,Female,12.3,6.0,2.8,3.6,4.3,4.0,4.0
1/2022 - 3/2022,Both sexes,14.3,7.2,3.7,4.2,5.5,4.9,5.0
2/2022 - 4/2022,Male,19.0,9.0,5.4,5.5,7.1,5.5,6.4
2/2022 - 4/2022,Female,15.4,6.4,3.4,4.2,4.9,4.6,4.5
2/2022 - 4/2022,Both sexes,17.2,7.7,4.3,4.8,6.0,5.1,5.5
3/2022 - 5/2022,Male,13.8,9.1,5.1,5.2,6.2,5.5,6.0
3/2022 - 5/2022,Female,11.4,6.5,3.2,3.5,4.7,3.9,4.2
3/2022 - 5/2022,Both sexes,12.8,7.7,4.0,4.3,5.5,4.9,5.1
4/2022 - 6/2022,Male,22.9,8.2,4.5,4.9,5.4,4.9,5.5
4/2022 - 6/2022,Female,13.4,6.4,3.1,3.6,4.3,3.5,4.1
4/2022 - 6/2022,Both sexes,18.4,7.3,3.7,4.2,4.8,4.4,4.8
5/2022 - 7/2022,Male,19.9,8.7,4.2,4.3,5.2,4.8,5.3
5/2022 - 7/2022,Female,15.3,6.3,2.9,3.0,3.9,2.8,3.7
5/2022 - 7/2022,Both sexes,17.5,7.4,3.5,3.6,4.5,4.1,4.5
6/2022 - 8/2022,Male,21.7,9.0,4.1,3.9,5.0,4.5,5.1
6/2022 - 8/2022,Female,16.0,6.1,2.8,2.6,3.5,2.7,3.5
6/2022 - 8/2022,Both sexes,18.7,7.5,3.4,3.2,4.2,3.8,4.3
7/2022 - 9/2022 p,Male,17.3,9.0,3.9,3.6,4.7,4.3,4.9
7/2022 - 9/2022 p,Female,15.0,6.4,2.6,2.3,3.3,2.6,3.3
7/2022 - 9/2022 p,Both sexes,16.1,7.7,3.2,2.9,4.0,3.6,4.1
,,,,,,,,
Note(s) :,,,,,,,,
"Starting from 2001, annual figures are compiled based on data collected in the General Household Survey from January to December of the year concerned as well as the mid-year population estimates.",,,,,,,,
[*7] Figure is not released due to relatively large sampling error.,,,,,,,,
N.A. Not available,,,,,,,,
p Provisional figure,,,,,,,,
,,,,,,,,
Source :,,,,,,,,
General Household Survey,,,,,,,,
"General Household Survey Section (3),",,,,,,,,
Census and Statistics Department,,,,,,,,
(Enquiry telephone no. : 2887 5508,,,,,,,,
Enquiry e-mail : ghs@censtatd.gov.hk),,,,,,,,
,,,,,,,,
"Release Date: 20 October, 2022",,,,,,,,
